model,fold,MAE_kN,RMSE_kN,MaxAE_kN,R2,Bias_kN
Linear regression,1,3.0872089503280775,4.28591292150748,22.769291615322786,0.9744564888224133,0.027206849255889703
Linear regression,2,3.111733262120297,4.3125919113726745,32.12464655300545,0.9740664493251068,0.22272953784260527
Linear regression,3,3.0681567034685213,4.293116211802553,30.215635151804463,0.9751238683960523,0.02168599122279843
Linear regression,4,3.1683500265091817,4.390434328584031,26.497961108581038,0.9738841293444871,-0.10604551246222263
Linear regression,5,3.0943179779468393,4.495569482463897,36.862206741071155,0.9724072489892536,-0.15452916093074912
Ridge regression,1,3.0880046250887507,4.286130569562719,22.764090235149567,0.9744538944455348,0.02737703866265885
Ridge regression,2,3.112179444294993,4.312286918113411,32.120136454867904,0.9740701173180999,0.22283326648712676
Ridge regression,3,3.069444531509347,4.2936830526479115,30.21494995421058,0.9751172989310433,0.02204178962330383
Ridge regression,4,3.169146871090448,4.390714584006127,26.496694575984634,0.9738807951194846,-0.1059231041533331
Ridge regression,5,3.0942174517911805,4.494870623581584,36.85832389241245,0.972415827186233,-0.15527981868415766
Quadratic polynomial,1,0.8899450662612848,1.198809221321471,6.880124658046412,0.9980015464507567,-0.05127606178042771
Quadratic polynomial,2,0.8967004721082104,1.2880170115680047,10.120356784549848,0.997686718673855,0.13561454066319234
Quadratic polynomial,3,0.885618098006587,1.322047181762676,9.989172730859494,0.9976409808536509,0.0005082677584937595
Quadratic polynomial,4,0.9151188324681585,1.29178860169926,8.576525592125122,0.9977391464331269,-0.014813522675871956
Quadratic polynomial,5,0.9513063818215898,1.3628406014728252,12.384067280701096,0.9974641958970297,-0.07230148602629292
Shallow decision tree,1,3.098287969912752,4.150327422528006,16.65038596777778,0.9760470709426647,0.01750765750529771
Shallow decision tree,2,3.019378806497811,4.013843612669297,13.991626441666654,0.9775350141708647,-0.15306533358290414
Shallow decision tree,3,3.1570470127069714,4.2523141767242505,16.750184097857144,0.9755944699121273,-0.0771865129871491
Shallow decision tree,4,3.0942764720443097,4.134339947323638,16.36517845384615,0.9768419543526805,-0.1146168829998226
Shallow decision tree,5,3.055984797424715,4.1784188543687595,15.657099353499987,0.9761631140687183,-0.1407785576814943
kNN regression,1,2.0109217288697665,2.6463954542416745,8.386226847298708,0.9902612460794286,0.012647284042998447
kNN regression,2,1.2576424409033669,1.6806407504392447,5.999229394834302,0.9960614620609598,0.05148279401820835
kNN regression,3,1.642950918642394,2.1067607341294723,9.531071507537355,0.9940094322100366,0.06703524382382728
kNN regression,4,1.7189958458307986,2.2006508824306965,6.9421818611151735,0.9934386706387506,-0.08217970989098104
kNN regression,5,1.0836958535096455,1.4549826153338958,8.550571955956208,0.9971097115879846,-0.14127023120851737
