de [mm],g [mm],Nn [],Nc [],Force1.Force_y [kNewton],sweep_axis,source,Linear_regression_prediction_kN,Ridge_regression_prediction_kN,Quadratic_polynomial_prediction_kN,Shallow_decision_tree_prediction_kN,kNN_regression_prediction_kN
13,0.3,14.0,14,-36.39742367,de,de1.csv,-32.23055531349915,-32.23919620477284,-36.787263099707694,-32.39987137833334,-36.131505359369726
13,0.4,14.0,14,-33.54969321,de,de1.csv,-29.082670892936243,-29.09208012309705,-33.42174676554782,-30.27910968333333,-33.38999393685242
13,0.5,14.0,14,-30.49288693,de,de1.csv,-25.934786472373325,-25.944964041421258,-29.935787751036152,-27.808978668888887,-29.734116493510285
13,0.6,14.0,14,-27.29011256,de,de1.csv,-22.786902051810415,-22.797847959745468,-26.329386056172687,-25.62450835222222,-27.626930609155536
13,0.7,14.0,14,-24.18523728,de,de1.csv,-19.639017631247505,-19.650731878069685,-22.60254168095743,-23.425715425555552,-25.57129571756137
13,0.8,14.0,14,-20.97743513,de,de1.csv,-16.491133210684595,-16.503615796393888,-18.755254625390357,-21.239605625555555,-21.351617263625158
13,0.9,14.0,14,-18.01709763,de,de1.csv,-13.343248790121677,-13.356499714718105,-14.787524889471513,-19.094211066666666,-19.169658531256687
13,1.0,14.0,14,-15.30318455,de,de1.csv,-10.195364369558767,-10.209383633042314,-10.699352473200847,-17.056197402222224,-16.81449199657783
17,0.3,14.0,14,-47.65514455,de,de1.csv,-43.07599313664483,-43.081986862230664,-47.17636912247056,-44.46533102833334,-47.386758633129176
17,0.4,14.0,14,-44.08195071,de,de1.csv,-39.92810871608192,-39.934870780554874,-43.39822018376749,-41.88718556916667,-43.922294013669436
17,0.5,14.0,14,-40.14810143,de,de1.csv,-36.780224295519005,-36.787754698879084,-39.49962856471262,-38.66258994444444,-41.450876520578944
17,0.6,14.0,14,-36.11457363,de,de1.csv,-33.632339874956095,-33.640638617203294,-35.48059426530596,-35.72671163888889,-37.40028532919433
17,0.7,14.0,14,-31.92722989,de,de1.csv,-30.484455454393185,-30.493522535527504,-31.341117285547497,-32.70994241222222,-33.82186837757401
17,0.8,14.0,14,-27.61179083,de,de1.csv,-27.336571033830268,-27.346406453851714,-27.081197625437227,-29.609600706666672,-28.130451235131584
17,0.9,14.0,14,-23.53936661,de,de1.csv,-24.188686613267357,-24.199290372175923,-22.70083528497517,-26.53290729222222,-25.434448885473124
17,1.0,14.0,14,-19.8007856,de,de1.csv,-21.040802192704447,-21.052174290500133,-18.200030264161306,-23.558564715555555,-21.915039952203863
21,0.3,14.0,14,-58.5508593,de,de1.csv,-53.9214309597905,-53.92477751968849,-57.379182929781834,-56.26263751,-58.28124097406094
21,0.4,14.0,14,-54.24328314,de,de1.csv,-50.77354653922759,-50.7776614380127,-53.18840138653556,-53.20475665,-54.12448818665068
21,0.5,14.0,14,-49.52946633,de,de1.csv,-47.62566211866468,-47.63054535633691,-48.877177162937485,-49.22079311888889,-50.92933851855119
21,0.6,14.0,14,-44.70807161,de,de1.csv,-44.47777769810177,-44.48342927466112,-44.445510258987625,-45.573257438888895,-46.067771763493795
21,0.7,14.0,14,-39.47509636,de,de1.csv,-41.32989327753886,-41.33631319298533,-39.89340067468595,-41.759981857777774,-41.91106654372699
21,0.8,14.0,14,-34.21516142,de,de1.csv,-38.18200885697594,-38.18919711130954,-35.22084841003249,-37.82108944111111,-34.82057997164458
21,0.9,14.0,14,-29.0126078,de,de1.csv,-35.03412443641303,-35.04208102963375,-30.427853465027226,-33.86312400777777,-31.26724283816138
21,1.0,14.0,14,-24.23317765,de,de1.csv,-31.88624001585012,-31.89496494795796,-25.514415839670164,-29.96511768555556,-26.943305953121776
25,0.3,14.0,14,-69.01392557,de,de1.csv,-64.76686878293617,-64.76756817714632,-67.39570452164149,-67.15398538555556,-68.84692477169736
25,0.4,14.0,14,-64.08187736,de,de1.csv,-61.61898436237326,-61.620452095470526,-62.792290373852026,-63.48815702,-64.04205599090332
25,0.5,14.0,14,-58.71818147,de,de1.csv,-58.47109994181035,-58.473336013794736,-58.068433545710754,-59.4814791511111,-59.13254156506083
25,0.6,14.0,14,-53.10170694,de,de1.csv,-55.323215521247434,-55.326219932118946,-53.22413403721768,-55.18412358333333,-53.714014979465155
25,0.7,14.0,14,-46.95622953,de,de1.csv,-52.17533110068453,-52.179103850443155,-48.259391848372815,-50.639536312222226,-49.856988687103154
25,0.8,14.0,14,-40.69433197,de,de1.csv,-49.027446680121614,-49.031987768767365,-43.17420697917615,-45.905615059999995,-41.42893217351906
25,0.9,14.0,14,-34.3965131,de,de1.csv,-45.879562259558696,-45.884871687091575,-37.96857942962768,-41.07532709,-36.30957073165658
25,1.0,14.0,14,-28.60813557,de,de1.csv,-42.73167783899579,-42.737755605415785,-32.64250919972742,-36.28197460777778,-31.905584950647782
29,0.3,14.0,14,-79.24761646,de,de1.csv,-75.61230660608184,-75.61035883460414,-77.22593389804956,-78.25601052333333,-79.11885686282255
29,0.4,14.0,14,-73.73592686,de,de1.csv,-72.46442218551893,-72.46324275292835,-72.20988714571688,-74.05937554666667,-73.71455848932433
29,0.5,14.0,14,-67.77044455,de,de1.csv,-69.31653776495602,-69.31612667125256,-67.0733977130324,-69.4717965488889,-67.44300476437013
29,0.6,14.0,14,-61.35551118,de,de1.csv,-66.1686533443931,-66.16901058957677,-61.816465599996135,-64.5393218711111,-61.206586820136806
29,0.7,14.0,14,-54.39970593,de,de1.csv,-63.0207689238302,-63.02189450790098,-56.43909080660807,-54.66431188833332,-57.675140203464615
29,0.8,14.0,14,-47.17246655,de,de1.csv,-59.87288450326729,-59.87477842622519,-50.9412733328682,-54.66431188833332,-47.967874898342345
29,0.9,14.0,14,-39.76843279,de,de1.csv,-56.72500008270437,-56.7276623445494,-45.323013178776534,-40.94243999583333,-42.07520611846527
29,1.0,14.0,14,-32.99087977,de,de1.csv,-53.57711566214146,-53.58054626287361,-39.58431034433306,-40.94243999583333,-36.8216824197002
33,0.3,14.0,14,-89.23537963,de,de1.csv,-86.45774442922752,-86.45314949206197,-86.86987105900602,-89.0613439222222,-89.0985075129157
33,0.4,14.0,14,-83.13177713,de,de1.csv,-83.3098600086646,-83.30603341038618,-81.44119170213014,-84.38104728777779,-83.20169719551087
33,0.5,14.0,14,-76.64255815,de,de1.csv,-80.1619755881017,-80.15891732871039,-75.89206966490246,-79.24783363111112,-76.38328257539398
33,0.6,14.0,14,-69.48324301,de,de1.csv,-77.01409116753878,-77.0118012470346,-70.22250494732299,-73.74242930333334,-69.45092102787359
33,0.7,14.0,14,-61.69997058,de,de1.csv,-73.86620674697588,-73.86468516535881,-64.43249754939171,-54.66431188833332,-65.40124456806514
33,0.8,14.0,14,-53.56141368,de,de1.csv,-70.71832232641296,-70.71756908368302,-58.52204747110865,-54.66431188833332,-54.453294009211014
33,0.9,14.0,14,-45.05899752,de,de1.csv,-67.57043790585004,-67.57045300200723,-52.49115471247378,-40.94243999583333,-47.81234481192975
33,1.0,14.0,14,-37.34359516,de,de1.csv,-64.42255348528712,-64.42333692033144,-46.33981927348711,-40.94243999583333,-41.72487997437537
37,0.3,14.0,14,-98.95713624,de,de1.csv,-97.30318225237319,-97.2959401495198,-96.32751600451087,-99.57856405222222,-98.87455450831717
37,0.4,14.0,14,-92.40559182,de,de1.csv,-94.15529783181029,-94.148824067844,-90.48620404309179,-94.45320488222222,-92.48435086443028
37,0.5,14.0,14,-85.33038145,de,de1.csv,-91.00741341124737,-91.00170798616821,-84.52444940132091,-88.8393162522222,-86.01787090852116
37,0.6,14.0,14,-77.45934759,de,de1.csv,-87.85952899068445,-87.85459190449242,-78.44225207919823,-82.78358123333334,-78.0919854223962
37,0.7,14.0,14,-69.05621942,de,de1.csv,-84.71164457012155,-84.70747582281663,-72.23961207672376,-69.2693767775,-73.0272643361206
37,0.8,14.0,14,-59.88585613,de,de1.csv,-81.56376014955863,-81.56035974114084,-65.91652939389749,-69.2693767775,-60.89585088372492
37,0.9,14.0,14,-50.33848597,de,de1.csv,-78.41587572899572,-78.41324365946505,-59.473004030719416,-51.89793150083333,-51.54341029100718
37,1.0,14.0,14,-41.6788182,de,de1.csv,-75.26799130843281,-75.26612757778926,-52.90903598718955,-51.89793150083333,-46.61565439489063
11,0.3,14.0,15,-31.10718405,Nc,Nc1.csv,-27.94763424939505,-27.95732052047446,-32.36875214949523,-32.39987137833334,-32.93946833861472
11,0.3,14.0,17,-31.91020365,Nc,Nc1.csv,-30.2272299443325,-30.236359809335532,-33.702894480898564,-32.39987137833334,-33.84312551799056
11,0.3,14.0,19,-32.52333886,Nc,Nc1.csv,-32.50682563926995,-32.5153990981966,-34.560155542270785,-32.39987137833334,-34.58068495339805
11,0.3,14.0,21,-33.09548361,Nc,Nc1.csv,-34.786421334207404,-34.794438387057674,-34.9405353336119,-34.774445011,-35.215053360795785
11,0.3,14.0,23,-33.62875003,Nc,Nc1.csv,-37.06601702914485,-37.073477675918745,-34.844033854921896,-34.774445011,-35.7797984729007
11,0.3,14.0,25,-34.14271227,Nc,Nc1.csv,-39.3456127240823,-39.35251696477981,-34.27065110620079,-34.774445011,-36.27793850939475
11,0.3,14.0,27,-34.54650707,Nc,Nc1.csv,-41.625208419019756,-41.63155625364088,-33.22038708744857,-34.774445011,-36.72378960918743
11,0.4,14.0,15,-28.79164202,Nc,Nc1.csv,-24.799749828832134,-24.81020443879867,-29.37396038785112,-30.27910968333333,-30.503028902418873
11,0.4,14.0,17,-29.78484601,Nc,Nc1.csv,-27.07934552376959,-27.089243727659742,-31.03691925974278,-30.27910968333333,-31.623430728140566
11,0.4,14.0,19,-30.51723258,Nc,Nc1.csv,-29.358941218707038,-29.368283016520813,-32.22299686160332,-30.27910968333333,-32.48650215046392
11,0.4,14.0,21,-31.14560951,Nc,Nc1.csv,-31.638536913644487,-31.647322305381884,-32.93219319343275,-32.97701008200001,-33.203743854528334
11,0.4,14.0,23,-31.72895169,Nc,Nc1.csv,-33.91813260858194,-33.92636159424295,-33.16450825523108,-32.97701008200001,-33.83262771468496
11,0.4,14.0,25,-32.25304466,Nc,Nc1.csv,-36.19772830351939,-36.20540088310402,-32.91994204699828,-32.97701008200001,-34.41211675738508
11,0.4,14.0,27,-32.77189138,Nc,Nc1.csv,-38.47732399845684,-38.48444017196509,-32.19849456873438,-32.97701008200001,-34.92872378131948
11,0.5,14.0,15,-26.4205432,Nc,Nc1.csv,-21.651865408269224,-21.66308835712288,-26.25872594585522,-27.808978668888887,-26.471221149504686
11,0.5,14.0,17,-27.67050559,Nc,Nc1.csv,-23.931461103206672,-23.942127645983952,-28.25050135823519,-27.808978668888887,-28.82395706072721
11,0.5,14.0,19,-28.64006146,Nc,Nc1.csv,-26.211056798144128,-26.221166934845023,-29.765395500584056,-27.808978668888887,-29.789970958044734
11,0.5,14.0,21,-29.30010479,Nc,Nc1.csv,-28.490652493081576,-28.500206223706094,-30.8034083729018,-31.248488375999994,-30.39014347207588
11,0.5,14.0,23,-29.90112516,Nc,Nc1.csv,-30.770248188019025,-30.779245512567165,-31.364539975188443,-31.248488375999994,-31.059893228720803
11,0.5,14.0,25,-30.46410637,Nc,Nc1.csv,-33.04984388295648,-33.058284801428236,-31.44879030744398,-31.248488375999994,-31.66281646752997
11,0.5,14.0,27,-31.03843201,Nc,Nc1.csv,-35.32943957789393,-35.33732409028931,-31.0561593696684,-31.248488375999994,-33.35368137437517
11,0.6,14.0,15,-23.88712339,Nc,Nc1.csv,-18.503980987706313,-18.51597227544709,-23.023048823507516,-25.62450835222222,-24.581002431183588
11,0.6,14.0,17,-25.51185007,Nc,Nc1.csv,-20.783576682643762,-20.79501156430816,-25.343640776375814,-25.62450835222222,-26.63798570212191
11,0.6,14.0,19,-26.76664265,Nc,Nc1.csv,-23.063172377581218,-23.074050853169233,-27.187351459212998,-25.62450835222222,-27.833156796920672
11,0.6,14.0,21,-27.53587734,Nc,Nc1.csv,-25.342768072518666,-25.353090142030304,-28.554180872019067,-29.620177616000007,-29.628561186354773
11,0.6,14.0,23,-28.24851074,Nc,Nc1.csv,-27.622363767456115,-27.632129430891375,-29.444129014794022,-29.620177616000007,-29.322336817599766
11,0.6,14.0,25,-28.84921476,Nc,Nc1.csv,-29.901959462393563,-29.911168719752446,-29.857195887537877,-29.620177616000007,-29.971558640038513
11,0.6,14.0,27,-29.43508908,Nc,Nc1.csv,-32.18155515733102,-32.19020800861352,-29.793381490250624,-29.620177616000007,-30.659498304716873
11,0.7,14.0,15,-21.42323668,Nc,Nc1.csv,-15.356096567143403,-15.368856193771308,-19.666929020808013,-23.425715425555552,-23.633783153147636
11,0.7,14.0,17,-23.31028131,Nc,Nc1.csv,-17.635692262080852,-17.64789548263238,-22.31633751416463,-23.425715425555552,-25.633147114366135
11,0.7,14.0,19,-24.84559116,Nc,Nc1.csv,-19.9152879570183,-19.92693477149345,-24.488864737490132,-23.425715425555552,-27.13941152215472
11,0.7,14.0,21,-25.86335823,Nc,Nc1.csv,-22.194883651955756,-22.205974060354514,-26.18451069078452,-26.278011662499996,-28.282408425907978
11,0.7,14.0,23,-26.62888286,Nc,Nc1.csv,-24.474479346893204,-24.485013349215585,-27.40327537404781,-26.278011662499996,-29.179876471928686
11,0.7,14.0,25,-27.31683224,Nc,Nc1.csv,-26.754075041830653,-26.764052638076656,-28.145158787279982,-28.055814555,-29.89975938887771
11,0.7,14.0,27,-27.91980153,Nc,Nc1.csv,-29.03367073676811,-29.043091926937727,-28.410160930481048,-28.055814555,-30.51141430022747
11,0.8,14.0,15,-19.04453431,Nc,Nc1.csv,-12.208212146580486,-12.22174011209551,-16.19036653775671,-21.239605625555555,-20.102089117319444
11,0.8,14.0,17,-21.14153454,Nc,Nc1.csv,-14.487807841517935,-14.500779400956581,-19.168591571601645,-21.239605625555555,-22.50001692424047
11,0.8,14.0,19,-22.78637654,Nc,Nc1.csv,-16.76740353645539,-16.779818689817652,-21.669935335415467,-21.239605625555555,-24.34321204496782
11,0.8,14.0,21,-24.1083123,Nc,Nc1.csv,-19.04699923139284,-19.058857978678724,-23.69439782919818,-26.278011662499996,-25.791413876349583
11,0.8,14.0,23,-25.120714,Nc,Nc1.csv,-21.326594926330287,-21.337897267539795,-25.241979052949787,-26.278011662499996,-26.90142892333431
11,0.8,14.0,25,-25.82123711,Nc,Nc1.csv,-23.606190621267743,-23.616936556400866,-26.31267900667028,-28.055814555,-27.753953930283682
11,0.8,14.0,27,-26.48735988,Nc,Nc1.csv,-25.88578631620519,-25.895975845261937,-26.90649769035967,-28.055814555,-28.46542890543993
11,0.9,14.0,15,-16.66183402,Nc,Nc1.csv,-9.060327726017576,-9.074624030419727,-12.593361374353613,-19.094211066666666,-17.730312841989083
11,0.9,14.0,17,-19.06891349,Nc,Nc1.csv,-11.339923420955024,-11.353663319280798,-15.900402948686867,-19.094211066666666,-20.908074743171046
11,0.9,14.0,19,-20.85593035,Nc,Nc1.csv,-13.619519115892473,-13.63270260814187,-18.730563252989015,-19.094211066666666,-21.928002676997977
11,0.9,14.0,21,-22.33165618,Nc,Nc1.csv,-15.899114810829929,-15.911741897002933,-21.083842287260047,-23.10175435125,-23.123235973587537
11,0.9,14.0,23,-23.55723611,Nc,Nc1.csv,-18.178710505767377,-18.190781185864004,-22.960240051499973,-23.10175435125,-24.35695956121827
11,0.9,14.0,25,-24.43034516,Nc,Nc1.csv,-20.458306200704826,-20.469820474725076,-24.359756545708784,-25.347107328749996,-25.316918437267063
11,0.9,14.0,27,-25.11551333,Nc,Nc1.csv,-22.73790189564228,-22.748859763586147,-25.282391769886488,-25.347107328749996,-27.124700887974548
11,1.0,14.0,15,-14.5107964,Nc,Nc1.csv,-5.912443305454659,-5.927507948743937,-8.875913530598709,-17.056197402222224,-16.09162494995321
11,1.0,14.0,17,-17.02343235,Nc,Nc1.csv,-8.192039000392114,-8.206547237605008,-12.51177164542029,-17.056197402222224,-18.814439808689148
11,1.0,14.0,19,-19.02387287,Nc,Nc1.csv,-10.471634695329563,-10.48558652646608,-15.670748490210755,-17.056197402222224,-20.98807557751054
11,1.0,14.0,21,-20.61708036,Nc,Nc1.csv,-12.751230390267011,-12.76462581532715,-18.352844064970114,-23.10175435125,-22.722973713509756
11,1.0,14.0,23,-21.97283762,Nc,Nc1.csv,-15.030826085204467,-15.043665104188221,-20.55805836969835,-23.10175435125,-24.119570615045273
11,1.0,14.0,25,-22.945183,Nc,Nc1.csv,-17.310421780141915,-17.322704393049285,-22.286391404395495,-25.347107328749996,-25.220969623080244
11,1.0,14.0,27,-23.74385224,Nc,Nc1.csv,-19.590017475079364,-19.601743681910357,-23.537843169061517,-25.347107328749996,-26.114065717586307
11,0.3,14.5,14,-30.95893544,Nn,Nn1.csv,-27.65132620456967,-27.66108479882331,-32.056982931745495,-32.39987137833334,-32.86253712886902
11,0.4,14.5,14,-28.59313147,Nn,Nn1.csv,-24.50344178400676,-24.51396871714752,-28.992925739477414,-30.27910968333333,-30.388805498338915
11,0.5,14.5,14,-26.11705274,Nn,Nn1.csv,-21.355557363443843,-21.36685263547173,-25.80842586685754,-27.808978668888887,-27.192428203578316
11,0.6,14.5,14,-23.47052546,Nn,Nn1.csv,-18.207672942880933,-18.21973655379594,-22.503483313885873,-25.62450835222222,-24.548233698751424
11,0.7,14.5,14,-20.9312926,Nn,Nn1.csv,-15.059788522318023,-15.072620472120157,-19.0780980805624,-23.425715425555552,-23.360218685250516
11,0.8,14.5,14,-18.43243566,Nn,Nn1.csv,-11.911904101755113,-11.92550439044436,-15.53227016688713,-21.239605625555555,-19.727687865944066
11,0.9,14.5,14,-15.97934346,Nn,Nn1.csv,-8.764019681192195,-8.778388308768577,-11.865999572860062,-19.094211066666666,-17.61043177031575
11,1.0,14.5,14,-13.79314287,Nn,Nn1.csv,-5.616135260629285,-5.631272227092786,-8.0792862984812,-17.056197402222224,-15.659312040702961
11,0.3,15.5,14,-31.60771864,Nn,Nn1.csv,-29.338305809856365,-29.347652644382073,-32.99897849021923,-32.39987137833334,-33.599631770745845
11,0.4,15.5,14,-29.36702406,Nn,Nn1.csv,-26.190421389293455,-26.200536562706283,-30.125206977191546,-30.27910968333333,-31.268141905435918
11,0.5,15.5,14,-27.10780841,Nn,Nn1.csv,-23.042536968730538,-23.053420481030493,-27.130992783812054,-27.808978668888887,-28.278564280726453
11,0.6,15.5,14,-24.66451852,Nn,Nn1.csv,-19.894652548167628,-19.90630439935471,-24.016335910080777,-25.62450835222222,-25.841971266018916
11,0.7,15.5,14,-22.2066846,Nn,Nn1.csv,-16.746768127604717,-16.75918831767892,-20.78123635599769,-23.425715425555552,-24.712978300736616
11,0.8,15.5,14,-19.84112953,Nn,Nn1.csv,-13.598883707041807,-13.61207223600313,-17.425694121562806,-21.239605625555555,-21.26505500194169
11,0.9,15.5,14,-17.49095884,Nn,Nn1.csv,-10.45099928647889,-10.46495615432734,-13.949709206776134,-19.094211066666666,-19.338971552717606
11,1.0,15.5,14,-15.2830382,Nn,Nn1.csv,-7.30311486591598,-7.317840072651549,-10.353281611637655,-17.056197402222224,-17.275131547997713
11,0.3,16.5,14,-32.19879939,Nn,Nn1.csv,-31.02528541514306,-31.034220489940843,-33.772614995421726,-32.39987137833334,-34.26063678903704
11,0.4,16.5,14,-30.05578868,Nn,Nn1.csv,-27.87740099458015,-27.887104408265053,-31.089129161634425,-30.27910968333333,-32.035722394421526
11,0.5,16.5,14,-27.94595504,Nn,Nn1.csv,-24.729516574017232,-24.739988326589263,-28.285200647495323,-27.808978668888887,-29.141130903599866
11,0.6,16.5,14,-25.70055832,Nn,Nn1.csv,-21.581632153454322,-21.59287224491348,-25.360829453004428,-25.62450835222222,-26.890951521907567
11,0.7,16.5,14,-23.40280859,Nn,Nn1.csv,-18.433747732891412,-18.44575616323769,-22.31601557816174,-23.425715425555552,-25.935073110099868
11,0.8,16.5,14,-21.09376981,Nn,Nn1.csv,-15.285863312328502,-15.2986400815619,-19.150759022967236,-21.239605625555555,-22.647598736014555
11,0.9,16.5,14,-18.88032423,Nn,Nn1.csv,-12.137978891765584,-12.151523999886109,-15.865059787420947,-19.094211066666666,-19.934225553838733
11,1.0,16.5,14,-16.6786532,Nn,Nn1.csv,-8.990094471202674,-9.004407918210319,-12.458917871522857,-17.056197402222224,-18.78283209688332
11,0.3,17.5,14,-32.82844757,Nn,Nn1.csv,-32.712265020429754,-32.72078833549961,-34.37789244735297,-32.39987137833334,-34.88840221881411
11,0.4,17.5,14,-30.70152008,Nn,Nn1.csv,-29.564380599866844,-29.573672253823823,-31.884692292806058,-30.27910968333333,-32.732193861266616
11,0.5,17.5,14,-28.65763732,Nn,Nn1.csv,-26.416496179303927,-26.426556172148032,-29.271049457907345,-30.599565178000002,-29.741930092330257
11,0.6,17.5,14,-26.61594791,Nn,Nn1.csv,-23.268611758741017,-23.27944009047225,-26.53696394265684,-28.817113153333334,-27.6128753387085
11,0.7,17.5,14,-24.45737436,Nn,Nn1.csv,-20.120727338178106,-20.13232400879646,-23.682435747054527,-24.727185849,-27.02522910355588
11,0.8,17.5,14,-22.25691308,Nn,Nn1.csv,-16.972842917615196,-16.98520792712067,-20.70746487110042,-24.727185849,-23.895432338765982
11,0.9,17.5,14,-20.12264304,Nn,Nn1.csv,-13.824958497052279,-13.838091845444879,-17.61205131479452,-20.717408633,-21.35015985633389
11,1.0,17.5,14,-18.04012487,Nn,Nn1.csv,-10.677074076489369,-10.690975763769089,-14.39619507813682,-20.717408633,-20.193996617863988
11,0.3,18.5,14,-33.3361121,Nn,Nn1.csv,-34.39924462571645,-34.40735618105838,-34.814810846012975,-34.63358727833333,-35.45977471106233
11,0.4,18.5,14,-31.30034466,Nn,Nn1.csv,-31.25136020515354,-31.260240099382592,-32.511896370706445,-32.74593596833333,-33.369993574021606
11,0.5,18.5,14,-29.31078978,Nn,Nn1.csv,-28.10347578459062,-28.113124017706802,-30.088539215048122,-30.599565178000002,-30.43842804056203
11,0.6,18.5,14,-27.3726205,Nn,Nn1.csv,-24.95559136402771,-24.96600793603102,-27.544739379038006,-28.817113153333334,-28.441397761957617
11,0.7,18.5,14,-25.41260982,Nn,Nn1.csv,-21.8077069434648,-21.81889185435523,-24.880496862676083,-24.727185849,-27.989043056902577
11,0.8,18.5,14,-23.33804881,Nn,Nn1.csv,-18.65982252290189,-18.67177577267944,-22.095811665962366,-24.727185849,-25.03166298068112
11,0.9,18.5,14,-21.2480777,Nn,Nn1.csv,-15.511938102338974,-15.524659691003649,-19.19068378889685,-20.717408633,-22.138750329933988
11,1.0,18.5,14,-19.25642583,Nn,Nn1.csv,-12.364053681776063,-12.377543609327859,-16.16511323147953,-20.717408633,-21.48955197393186
11,0.3,19.5,14,-33.87012907,Nn,Nn1.csv,-36.08622423100314,-36.09392402661715,-35.08337019140173,-34.63358727833333,-35.99152118186162
11,0.4,19.5,14,-31.84075053,Nn,Nn1.csv,-32.93833981044023,-32.94680794494136,-32.97074139533559,-32.74593596833333,-33.96524147374735
11,0.5,19.5,14,-29.92556243,Nn,Nn1.csv,-29.790455389877316,-29.799691863265572,-30.737669918917646,-30.599565178000002,-31.062973808358795
11,0.6,19.5,14,-28.03560193,Nn,Nn1.csv,-26.642570969314406,-26.65257578158979,-28.384155762147913,-28.817113153333334,-29.147628311613136
11,0.7,19.5,14,-26.21491261,Nn,Nn1.csv,-23.494686548751496,-23.505459699914,-25.91019892502638,-24.727185849,-28.823542208440436
11,0.8,19.5,14,-24.29052757,Nn,Nn1.csv,-20.346802128188585,-20.35834361823821,-23.31579940755305,-24.727185849,-26.072798128304598
11,0.9,19.5,14,-22.31504792,Nn,Nn1.csv,-17.198917707625668,-17.21122753656242,-20.600957209727923,-20.717408633,-23.230171457690197
11,1.0,19.5,14,-20.35994952,Nn,Nn1.csv,-14.051033287062758,-14.064111454886628,-17.765672331550995,-20.717408633,-22.67593114504947
11,0.3,20.5,14,-34.3125498,Nn,Nn1.csv,-37.77320383628984,-37.780491872175915,-35.183570483519226,-34.63358727833333,-36.512859183682224
11,0.4,20.5,14,-32.35808373,Nn,Nn1.csv,-34.62531941572693,-34.633375790500125,-33.261227366693475,-32.74593596833333,-34.53376367322136
11,0.5,20.5,14,-30.50872804,Nn,Nn1.csv,-31.47743499516401,-31.486259708824335,-31.218441569515925,-30.599565178000002,-32.75848602483215
11,0.6,20.5,14,-28.74353272,Nn,Nn1.csv,-28.3295505746011,-28.339143627148545,-29.055213091986573,-28.817113153333334,-29.81489066731823
11,0.7,20.5,14,-26.97038623,Nn,Nn1.csv,-25.18166615403819,-25.19202754547276,-26.77154193410543,-24.727185849,-29.568103600510646
11,0.8,20.5,14,-25.11552513,Nn,Nn1.csv,-22.03378173347528,-22.044911463796964,-24.367428095872484,-24.727185849,-27.002514837155953
11,0.9,20.5,14,-23.27883752,Nn,Nn1.csv,-18.885897312912363,-18.89779538212118,-21.842871577287745,-20.717408633,-24.793758732842452
11,1.0,20.5,14,-21.3963094,Nn,Nn1.csv,-15.738012892349452,-15.750679300445391,-19.197872378351207,-20.717408633,-23.761116337583456
