model,sweep_axis,n,MAE_kN,RMSE_kN,MaxAE_kN,R2,Bias_kN
Linear regression,All,168,5.155815001346843,7.233066560885611,33.58917310843281,0.8136515185968776,0.5316186678386069
Linear regression,de,56,7.398165857403025,10.656643806205143,33.58917310843281,0.7341285860057064,-4.564623398465981
Linear regression,Nc,56,4.09001482672776,4.746603403229153,8.831393349607886,0.00895253339825286,2.575694140798506
Linear regression,Nn,56,3.9792643199097455,4.566996227579759,8.177007609370715,0.24441692600575016,3.583785261183295
Ridge regression,All,168,5.149829046711715,7.228986860954717,33.58730937778926,0.8138616733017474,0.5231828943569197
Ridge regression,de,56,7.39635574900488,10.65594302629507,33.58730937778926,0.7341635522151195,-4.56801197878105
Ridge regression,Nc,56,4.083349264903285,4.739104176924246,8.816885112394992,0.012081599624471306,2.564987901843305
Ridge regression,Nn,56,3.969782126226981,4.557030055659101,8.161870642907214,0.2477110187102175,3.5725727600085064
Quadratic polynomial,All,168,1.7029863706060107,2.464731094269454,11.230217787189545,0.9783618551973979,0.05106711209075243
Quadratic polynomial,de,56,2.325931182821026,3.3837303778205556,11.230217787189545,0.9731946028511504,-0.883421898512543
Quadratic polynomial,Nc,56,1.2656456523097273,1.699496081814509,5.634882869401292,0.8729516882414827,0.23004346257563682
Quadratic polynomial,Nn,56,1.5173822766872778,1.9714917953893667,5.7138565715188,0.859197338859035,0.8065797722091634
Shallow decision tree,All,168,1.7045541875978836,2.460244590218942,10.219113300833328,0.978440558524031,-1.0007850767721558
Shallow decision tree,de,56,2.890735092703373,3.787988308187246,10.219113300833328,0.9664070607008155,-1.5320900156795625
Shallow decision tree,Nc,56,1.0853055752728178,1.330100866812873,2.545401002222224,0.9221788371324854,-0.7339769387202377
Shallow decision tree,Nn,56,1.1376218948174601,1.428421013652867,3.263054532222224,0.9260848647495807,-0.7362882759166668
kNN regression,All,168,1.5875132120457416,1.8190628398272786,4.936836194890631,0.9882137312704906,-1.547689288248094
kNN regression,de,56,1.2907737395293328,1.8169854305948552,4.936836194890631,0.9922708161922055,-1.1713019681363908
kNN regression,Nc,56,1.7132136660225594,1.805586186059781,2.5916127702274707,0.8565947635168151,-1.7132136660225594
kNN regression,Nn,56,1.7585522305853325,1.8345002903890668,2.6086295984404373,0.8780851848386999,-1.7585522305853325
