Item,Manuscript value,Response value,Repository value,Status,Action taken
DNN architecture,"4-64-32-16-1; ReLU hidden; linear output","Same","Matches; Adam values previously implicit defaults",FIXED,"Made learning rate beta1 beta2 and epsilon explicit in all DNN builders"
DNN training,"batch 32; 150 epochs; no early stopping; training-only input scaling; target unscaled","Same","Matches scripts and protocol files",CONSISTENT,"Full DNN workflow rerun"
Holdout split,"80/20 seed 42; 3276 development and 820 test","Same","Rerun MAE 0.2838503 and RMSE 0.3586185",CONSISTENT,"Validated counts and reproduced headline metrics"
Five-fold DNN,"split seed 20260826; model seeds 7 21 42 84 126; OOF only","Same","Rerun MAE 0.2671028 and RMSE 0.3509824",CONSISTENT,"Validated model identities and reran workflow"
Intermediate-grid DNN,"168 points; arithmetic mean of five full-data models","Same","168 rows; rerun MAE 0.1050586 and RMSE 0.1527661",CONSISTENT,"Validated and reran workflow"
Off-grid air gap,"Seven new g values from 0.35 to 0.95 mm at Nc=Nn=14 de=11 mm","Same","15-row sweep with exactly seven rows marked new simulation",CONSISTENT,"Validated rows coordinates and labels"
FEA factorial data,"Eight levels each for Nc Nn de g; 8^4=4096","Same","4096 unique complete rows with all stated levels",CONSISTENT,"Checked row count levels duplicates and missing values"
Ns role,"Not an FEA input; wm=0.2 Ns mm","Same","Four input columns only; scaling documented",CONSISTENT,"Clarified signed-force and unit path in README"
Force convention,"q_F magnitude in kN/m; F[N]=q_F[kN/m] wm[mm]","Same","Training target is signed negative Maxwell Force_y; q_F outputs use magnitude",FIXED,"Documented sign convention explicitly without altering raw data"
Five surrogate baselines,"Linear ridge quadratic shallow tree and kNN on identical folds/grid","Same","Rerun matches Table 7 values and rankings",CONSISTENT,"Executed baseline workflow"
Exploratory cubic and RBF,"Not part of the five pre-specified Table 7 baselines","Not discussed","DNN pipeline also outputs cubic and local-RBF models that outperform DNN",REQUIRES MANUAL VERIFICATION,"Left data unchanged; report recommends clearer labeling or manuscript justification"
CEC2019 scope,"22 problems; 31 runs","Same","Raw file contains 31 core runs for every problem and metric",CONSISTENT,"Validated grouped counts"
Equal FE benchmark,"N=100 n_var; MaxFE=10000 n_var; initialization included","Same","Driver configures exact budgets and all three algorithms expose actual FE counts",FIXED,"Added per-algorithm runtime assertions against MaxFE"
SPD final budget,"When active nGA=min(N ceil(R/2)); nSPD=min(N R-nGA)","Same","Pre-audit partial SPD generation used population-sized arrays with a smaller random matrix",FIXED,"Generate the full SPD decision set then randomly retain only the budgeted rows; recompute FE-normalized time after GA"
Decision-space normalization,"Fixed-bound normalization after repair; DN candidate set CF=N/2","Same","DN used the stated nearest-neighbor rule but SPD had regressed to an ordinary size-2 tournament",FIXED,"Restored anchor-nearest pairing in fixed-bound-normalized space with CF=N/2"
Median-run PS figures,"Display the median-run decision-space approximation","Same","Driver previously launched three additional unseeded runs and labeled them median",FIXED,"Cache the 31 run populations and select the run with median rPSP without extra evaluations"
Native-dimensional hypervolume,"Include four three-objective problems","Same","Pre-audit implementation used only the first two objectives",FIXED,"Added exact recursive native-dimensional HV; analytic 2D and 3D tests passed"
Statistics scope,"All 22 core rHV cases; 16 eligible MMO-DE-CSCD cases","Same","Pre-audit reproduction script excluded three-objective rHV and omitted external comparison",FIXED,"Corrected eligibility and synchronized all statistical outputs"
rPSP suite statistics,"chi-square 31.18 p=1.69e-7","Same","Regenerated values match",CONSISTENT,"Recomputed from unrounded run-level data"
IGDX suite statistics,"chi-square 33.09 p=6.52e-8","Same","Regenerated values match",CONSISTENT,"Recomputed from unrounded run-level data"
IGDF suite statistics,"chi-square 25.36 p=3.11e-6","Same","Regenerated values match",CONSISTENT,"Recomputed from unrounded run-level data"
rHV suite statistics,"chi-square 28.78 p=5.64e-7; post-hoc 1.53e-5 and 0.0539","Same","Raw file regenerates chi-square 15.6364 p=0.0004024; post-hoc 0.1560 and 0.0551",UNRESOLVED,"Disclosed mismatch in README protocol and audit; raw data not altered"
MMF12 Inf handling,"29/31 finite; 2 Inf; finite median 3.6815 IQR 1.1269","Same","Run-level data and script retain Inf without capping or deletion",CONSISTENT,"Validated non-finite handling"
Ablation variants,"SPD off; adaptive p512; constant JR=0.1 p512; adaptive p64 and p1024","Same","Pre-audit script set constant JR to 3/8",FIXED,"Corrected new-run configuration to JR=0.1"
Ablation FE budget,"Fixed MaxFE=10000 for every ablation problem","Same","Archived rows use 10000 for 2-var but 15000 for 3-var cases",UNRESOLVED,"Corrected script with an exact MaxFE override; preserved raw archived results; full rerun required"
Ablation numerical table,"Six problems; 31 matched runs; five variants","Same","Archived values predate both budget and constant-JR corrections",UNRESOLVED,"Smoke mode passed; full paper mode intentionally not claimed"
PMBRA objectives,"rho_F=F/V; kappa_F=F/P_Cu; f1=V/F; f2=P_Cu/F","Same","Pareto products exist but objective-evaluation source is absent",MISSING,"Documented missing PMBRA optimization source"
PMBRA optimization model,"Single seed-42 DNN; variables Nc Nn Ns de g","Same","No application runner or model checkpoint links training to Pareto outputs",MISSING,"Documented requirement for deterministic training-and-optimization entry point"
Mixed-integer repair,"round Nc Nn Ns then clip before every evaluation; integer_idx=[1 2 3]","Same","SPD source supports this but no PMBRA runner demonstrates the call",REQUIRES MANUAL VERIFICATION,"Corrected variable-name comment; automated application test still needed"
Direct FEA 16 rows,"Tables 13 and 14; aggregate MAE 0.58441 RMSE 0.73203","Same","Two 20-row candidate workbooks; no unrounded final 16-row export",FIXED,"Added provenance-labeled CSV of the 16 displayed manuscript rows"
Direct FEA exact aggregate,"max error 1.22241; MAPE 1.2520%; max relative 3.2428%","Same","Rounded rows reproduce values within display precision only",REQUIRES MANUAL VERIFICATION,"Verified rounded aggregate; unrounded source remains required"
Maxwell current,"I=5 A","I=5 A","Project.aedt line 327 defines VariableProp I as 5A; current regions reference I",CONSISTENT,"Verified directly in the text-form AEDT project"
Maxwell materials,"D=0.6 mm; copper 5.8e7 S/m; 22 C; dr=0; DW310-35 36-point BH; N50M_Y+ Hc and mu_r","Same","All located in Project.aedt; Br is consistent by calculation",CONSISTENT,"Validated AEDT text"
Coil expression and polarity,"Four region expression and polarity + - - +","Same","Expression is present; polarity requires Maxwell semantic/manual confirmation",REQUIRES MANUAL VERIFICATION,"Recorded for manual GUI verification"
Mesh sensitivity,"Cases A/B with six triangle pass and q_F records","Same","mesh_validation.xlsx matches manuscript values and uses signed force",FIXED,"Added workbook to maxwell and documented sign convention"
Mesh table row A scale 1.0,"21023 triangles; 2 passes; q_F=65.59630 kN/m","Same","Workbook contains the same values; manuscript row had an empty triangle cell and shifted 21023 into the pass column",FIXED,"Corrected the latest manuscript LaTeX row without changing any value"
Solver profile,"5066-47510 triangles; two passes; runtime 4-285 s median 33 s","Archive claimed to contain evidence","No aedtresults or exported solver-profile/convergence logs",MISSING,"Disclosed absence without fabricating evidence"
Timing experiment,"100 repetitions; DNN about 10 ms; Maxwell 4-285 s median 33 s","Comment 16 also contains an obsolete approximately 2 s statement","Protocol metadata only; no timing harness or raw 100-repeat records",UNRESOLVED,"Documented missing evidence and Response inconsistency"
Figures 6-12,"Principal figures reproducible from released material","Response claims figure sources","Data/products exist but several exact plotting scripts especially Figs. 8-12 are absent",MISSING,"Documented missing scripts"
Environment,"Python 3.12.13 TensorFlow 2.21.0 NumPy 2.5.2 pandas 3.0.5 MATLAB R2024b AEDT 2025.2","Same","Versions and requirements are documented; SciPy sklearn Matplotlib exact historical patches not preserved",REQUIRES MANUAL VERIFICATION,"Kept compatible ranges and disclosed missing exact patches"
Historical RNG states,"Deterministic reproducibility expected","Release promises seeds","Original archived benchmark RNG states were not preserved; a schedule exists for new reruns",REQUIRES MANUAL VERIFICATION,"Kept limitation explicit"
Checksums,"Integrity file covers final release","Same","Pre-audit checksums became stale after legitimate fixes",FIXED,"Regenerated checksums after all audit artifacts"
