model,fold,seed,MAE_kN,RMSE_kN,MaxAE_kN,R2,Bias_kN,MAE_N_at_1m_depth,RMSE_N_at_1m_depth,MaxAE_N_at_1m_depth,final_train_MSE_kN2,final_validation_MSE_kN2
DNN,1,7,0.3062482476234436,0.3844179044209209,1.2731590270996094,0.9997944831848145,-0.2389814406633377,306.2482476234436,384.4179044209209,1273.1590270996094,0.09990518540143967,0.24029317498207092
Cubic polynomial,1,7,0.1806851625442505,0.25363671595161924,1.7821178436279297,0.9999105334281921,0.019626375287771225,180.6851625442505,253.63671595161924,1782.1178436279297,,
Local RBF,1,7,0.035790412530036765,0.05592530122019282,0.5621488400216919,0.9999956507880341,-0.009590331722065042,35.79041253003677,55.92530122019282,562.1488400216919,,
DNN,2,21,0.25714775919914246,0.33069147310698216,2.206035614013672,0.9998475313186646,0.13039730489253998,257.14775919914246,330.6914731069822,2206.035614013672,0.07462131232023239,0.17756332457065582
Cubic polynomial,2,21,0.18671977519989014,0.27027413366067926,1.9843330383300781,0.9998981356620789,-0.0013938095653429627,186.71977519989014,270.27413366067924,1984.3330383300781,,
Local RBF,2,21,0.03470968171029007,0.047119658944848375,0.25811763993641534,0.9999969040814237,-0.012045321881695834,34.70968171029007,47.119658944848375,258.11763993641534,,
DNN,3,42,0.1754349321126938,0.23254614000461235,1.3399124145507812,0.9999269843101501,0.039177242666482925,175.4349321126938,232.54614000461234,1339.9124145507812,0.06039713695645332,0.12063291668891907
Cubic polynomial,3,42,0.18791146576404572,0.27943554350224137,2.7103118896484375,0.9998946189880371,-0.01866920478641987,187.91146576404572,279.4355435022414,2710.3118896484375,,
Local RBF,3,42,0.033098115238281496,0.045261847502536805,0.2250466200250223,0.9999972349555876,-0.007691821222598555,33.098115238281494,45.2618475025368,225.0466200250223,,
DNN,4,84,0.26733943819999695,0.3323477078459051,1.6909866333007812,0.999850332736969,0.15812185406684875,267.33943819999695,332.3477078459051,1690.9866333007812,0.06853654980659485,0.25873973965644836
Cubic polynomial,4,84,0.1914069801568985,0.2864216853309666,2.750215530395508,0.9998888373374939,0.0015208671102300286,191.4069801568985,286.4216853309666,2750.215530395508,,
Local RBF,4,84,0.03401204595299825,0.048635036223968926,0.5536299341519957,0.9999967952952347,-0.009915108590971744,34.01204595299825,48.635036223968925,553.6299341519957,,
DNN,5,126,0.3293438255786896,0.4749087421692977,5.340335845947266,0.9996920824050903,0.15462462604045868,329.3438255786896,474.9087421692977,5340.335845947266,0.08082062005996704,0.3258228302001953
Cubic polynomial,5,126,0.18374286592006683,0.2608318960335063,1.705169677734375,0.9999071359634399,-0.0029675946570932865,183.74286592006683,260.8318960335063,1705.169677734375,,
Local RBF,5,126,0.03519246153863334,0.07146425642702812,1.2751174409827115,0.9999930272622553,-0.01611232038594474,35.19246153863334,71.46425642702812,1275.1174409827115,,
