group_type,group,n,MAE_kN,RMSE_kN,MaxAE_kN,R2,Bias_kN,MAE_N_at_1m_depth,RMSE_N_at_1m_depth,MaxAE_N_at_1m_depth
air_gap,0.3,512,0.2753114961053561,0.34899431573765216,1.155006037070315,0.9998457999499104,0.1235131588831995,275.3114961053561,348.9943157376522,1155.006037070315
air_gap,0.4,512,0.24565514696961394,0.3052869575801688,1.2249684791796938,0.9998773678030501,0.10661033249617555,245.65514696961392,305.2869575801688,1224.9684791796938
air_gap,0.5,512,0.2357316972257422,0.3023120452976727,1.4103081549023386,0.9998745629712744,0.11059264258552531,235.73169722574218,302.3120452976727,1410.3081549023386
air_gap,0.6,512,0.2461718128586486,0.3135662650714645,1.0837292395507774,0.9998586702449017,0.05651674374798808,246.1718128586486,313.5662650714645,1083.7292395507775
air_gap,0.7,512,0.26027789425596237,0.33173415350826696,1.0753632298632851,0.9998338957535662,0.01753253956575402,260.2778942559624,331.73415350826696,1075.3632298632851
air_gap,0.8,512,0.2661193843864439,0.3405800285487353,1.1483718478320242,0.9998156357064344,0.012727693947219822,266.11938438644387,340.5800285487353,1148.3718478320243
air_gap,0.9,512,0.28281283320763606,0.3835893365829609,3.4810484019531245,0.999753544841803,0.01340239028990755,282.81283320763606,383.5893365829609,3481.0484019531245
air_gap,1.0,512,0.32481850471983914,0.5076091336276345,5.340333944257814,0.9995446799339234,-0.05211386659489643,324.81850471983915,507.6091336276345,5340.333944257814
domain,boundary,2800,0.28410484085441373,0.3846492879539817,5.340333944257814,0.9998317598012842,0.06287358025630052,284.10484085441374,384.6492879539817,5340.333944257814
domain,interior,1296,0.23040016644214015,0.29909118999005296,1.1483718478320242,0.9997804819525967,0.01775476262488096,230.40016644214015,299.09118999005295,1148.3718478320243
