model,sweep_axis,n,MAE_kN,RMSE_kN,MaxAE_kN,R2,Bias_kN,MAE_N_at_1m_depth,RMSE_N_at_1m_depth,MaxAE_N_at_1m_depth
DNN ensemble,All,168,0.10505860298871994,0.1527661373449386,1.0065650939941406,0.9999168515205383,-0.023569896817207336,105.05860298871994,152.7661373449386,1006.5650939941406
DNN ensemble,Nc,56,0.10083522828242712,0.1224364301874132,0.33389129027343856,0.9993405985764711,-0.09666381945988244,100.83522828242712,122.4364301874132,333.8912902734386
DNN ensemble,Nn,56,0.0631199770871408,0.07704547669564456,0.14145594793945193,0.9997849620020469,-0.0023768338704137004,63.1199770871408,77.04547669564455,141.45594793945193
DNN ensemble,de,56,0.15122046197121697,0.22155294059120548,1.006564643017576,0.9998850826023263,0.02833082220175601,151.22046197121696,221.55294059120547,1006.5646430175761
Cubic polynomial,All,168,0.3772851824760437,0.5646249582165223,2.345637321472168,0.998864471912384,0.03384891524910927,377.2851824760437,564.6249582165223,2345.637321472168
Cubic polynomial,Nc,56,0.24794361410225982,0.4107560015109439,2.0766304454101565,0.992578419571767,0.04327758338413786,247.94361410225983,410.75600151094386,2076.6304454101564
Cubic polynomial,Nn,56,0.3783027402701243,0.5670301654196908,2.345636919072266,0.9883524859786634,0.13138957886457164,378.3027402701243,567.0301654196908,2345.636919072266
Cubic polynomial,de,56,0.5056092177380364,0.682759216246665,2.272964518261718,0.998908645388591,-0.07312055771048416,505.60921773803636,682.759216246665,2272.964518261718
Local RBF,All,168,0.027951506578591526,0.03885838741543517,0.15072653562752336,0.9999946216325261,0.014073303493996613,27.951506578591527,38.85838741543517,150.72653562752336
Local RBF,Nc,56,0.04017689662561225,0.051095157172339756,0.15072710419686075,0.9998851613596519,0.03765217043924147,40.17689662561225,51.09515717233975,150.72710419686075
Local RBF,Nn,56,0.014983968972104205,0.022110120053952496,0.08291595755877168,0.9999822906298116,6.776552068234385e-05,14.983968972104204,22.110120053952496,82.91595755877168
Local RBF,de,56,0.0286935379572461,0.037819937164568246,0.13082309230568256,0.9999966513300002,0.004499831716410599,28.6935379572461,37.819937164568245,130.82309230568256
