"problem_index","problem","run_index","seed","generator"
"1","MMF1","1","20260826","MATLAB twister"
"1","MMF1","2","20260827","MATLAB twister"
"1","MMF1","3","20260828","MATLAB twister"
"1","MMF1","4","20260829","MATLAB twister"
"1","MMF1","5","20260830","MATLAB twister"
"1","MMF1","6","20260831","MATLAB twister"
"1","MMF1","7","20260832","MATLAB twister"
"1","MMF1","8","20260833","MATLAB twister"
"1","MMF1","9","20260834","MATLAB twister"
"1","MMF1","10","20260835","MATLAB twister"
"1","MMF1","11","20260836","MATLAB twister"
"1","MMF1","12","20260837","MATLAB twister"
"1","MMF1","13","20260838","MATLAB twister"
"1","MMF1","14","20260839","MATLAB twister"
"1","MMF1","15","20260840","MATLAB twister"
"1","MMF1","16","20260841","MATLAB twister"
"1","MMF1","17","20260842","MATLAB twister"
"1","MMF1","18","20260843","MATLAB twister"
"1","MMF1","19","20260844","MATLAB twister"
"1","MMF1","20","20260845","MATLAB twister"
"1","MMF1","21","20260846","MATLAB twister"
"1","MMF1","22","20260847","MATLAB twister"
"1","MMF1","23","20260848","MATLAB twister"
"1","MMF1","24","20260849","MATLAB twister"
"1","MMF1","25","20260850","MATLAB twister"
"1","MMF1","26","20260851","MATLAB twister"
"1","MMF1","27","20260852","MATLAB twister"
"1","MMF1","28","20260853","MATLAB twister"
"1","MMF1","29","20260854","MATLAB twister"
"1","MMF1","30","20260855","MATLAB twister"
"1","MMF1","31","20260856","MATLAB twister"
"2","MMF2","1","20260857","MATLAB twister"
"2","MMF2","2","20260858","MATLAB twister"
"2","MMF2","3","20260859","MATLAB twister"
"2","MMF2","4","20260860","MATLAB twister"
"2","MMF2","5","20260861","MATLAB twister"
"2","MMF2","6","20260862","MATLAB twister"
"2","MMF2","7","20260863","MATLAB twister"
"2","MMF2","8","20260864","MATLAB twister"
"2","MMF2","9","20260865","MATLAB twister"
"2","MMF2","10","20260866","MATLAB twister"
"2","MMF2","11","20260867","MATLAB twister"
"2","MMF2","12","20260868","MATLAB twister"
"2","MMF2","13","20260869","MATLAB twister"
"2","MMF2","14","20260870","MATLAB twister"
"2","MMF2","15","20260871","MATLAB twister"
"2","MMF2","16","20260872","MATLAB twister"
"2","MMF2","17","20260873","MATLAB twister"
"2","MMF2","18","20260874","MATLAB twister"
"2","MMF2","19","20260875","MATLAB twister"
"2","MMF2","20","20260876","MATLAB twister"
"2","MMF2","21","20260877","MATLAB twister"
"2","MMF2","22","20260878","MATLAB twister"
"2","MMF2","23","20260879","MATLAB twister"
"2","MMF2","24","20260880","MATLAB twister"
"2","MMF2","25","20260881","MATLAB twister"
"2","MMF2","26","20260882","MATLAB twister"
"2","MMF2","27","20260883","MATLAB twister"
"2","MMF2","28","20260884","MATLAB twister"
"2","MMF2","29","20260885","MATLAB twister"
"2","MMF2","30","20260886","MATLAB twister"
"2","MMF2","31","20260887","MATLAB twister"
"3","MMF3","1","20260888","MATLAB twister"
"3","MMF3","2","20260889","MATLAB twister"
"3","MMF3","3","20260890","MATLAB twister"
"3","MMF3","4","20260891","MATLAB twister"
"3","MMF3","5","20260892","MATLAB twister"
"3","MMF3","6","20260893","MATLAB twister"
"3","MMF3","7","20260894","MATLAB twister"
"3","MMF3","8","20260895","MATLAB twister"
"3","MMF3","9","20260896","MATLAB twister"
"3","MMF3","10","20260897","MATLAB twister"
"3","MMF3","11","20260898","MATLAB twister"
"3","MMF3","12","20260899","MATLAB twister"
"3","MMF3","13","20260900","MATLAB twister"
"3","MMF3","14","20260901","MATLAB twister"
"3","MMF3","15","20260902","MATLAB twister"
"3","MMF3","16","20260903","MATLAB twister"
"3","MMF3","17","20260904","MATLAB twister"
"3","MMF3","18","20260905","MATLAB twister"
"3","MMF3","19","20260906","MATLAB twister"
"3","MMF3","20","20260907","MATLAB twister"
"3","MMF3","21","20260908","MATLAB twister"
"3","MMF3","22","20260909","MATLAB twister"
"3","MMF3","23","20260910","MATLAB twister"
"3","MMF3","24","20260911","MATLAB twister"
"3","MMF3","25","20260912","MATLAB twister"
"3","MMF3","26","20260913","MATLAB twister"
"3","MMF3","27","20260914","MATLAB twister"
"3","MMF3","28","20260915","MATLAB twister"
"3","MMF3","29","20260916","MATLAB twister"
"3","MMF3","30","20260917","MATLAB twister"
"3","MMF3","31","20260918","MATLAB twister"
"4","MMF4","1","20260919","MATLAB twister"
"4","MMF4","2","20260920","MATLAB twister"
"4","MMF4","3","20260921","MATLAB twister"
"4","MMF4","4","20260922","MATLAB twister"
"4","MMF4","5","20260923","MATLAB twister"
"4","MMF4","6","20260924","MATLAB twister"
"4","MMF4","7","20260925","MATLAB twister"
"4","MMF4","8","20260926","MATLAB twister"
"4","MMF4","9","20260927","MATLAB twister"
"4","MMF4","10","20260928","MATLAB twister"
"4","MMF4","11","20260929","MATLAB twister"
"4","MMF4","12","20260930","MATLAB twister"
"4","MMF4","13","20260931","MATLAB twister"
"4","MMF4","14","20260932","MATLAB twister"
"4","MMF4","15","20260933","MATLAB twister"
"4","MMF4","16","20260934","MATLAB twister"
"4","MMF4","17","20260935","MATLAB twister"
"4","MMF4","18","20260936","MATLAB twister"
"4","MMF4","19","20260937","MATLAB twister"
"4","MMF4","20","20260938","MATLAB twister"
"4","MMF4","21","20260939","MATLAB twister"
"4","MMF4","22","20260940","MATLAB twister"
"4","MMF4","23","20260941","MATLAB twister"
"4","MMF4","24","20260942","MATLAB twister"
"4","MMF4","25","20260943","MATLAB twister"
"4","MMF4","26","20260944","MATLAB twister"
"4","MMF4","27","20260945","MATLAB twister"
"4","MMF4","28","20260946","MATLAB twister"
"4","MMF4","29","20260947","MATLAB twister"
"4","MMF4","30","20260948","MATLAB twister"
"4","MMF4","31","20260949","MATLAB twister"
"5","MMF5","1","20260950","MATLAB twister"
"5","MMF5","2","20260951","MATLAB twister"
"5","MMF5","3","20260952","MATLAB twister"
"5","MMF5","4","20260953","MATLAB twister"
"5","MMF5","5","20260954","MATLAB twister"
"5","MMF5","6","20260955","MATLAB twister"
"5","MMF5","7","20260956","MATLAB twister"
"5","MMF5","8","20260957","MATLAB twister"
"5","MMF5","9","20260958","MATLAB twister"
"5","MMF5","10","20260959","MATLAB twister"
"5","MMF5","11","20260960","MATLAB twister"
"5","MMF5","12","20260961","MATLAB twister"
"5","MMF5","13","20260962","MATLAB twister"
"5","MMF5","14","20260963","MATLAB twister"
"5","MMF5","15","20260964","MATLAB twister"
"5","MMF5","16","20260965","MATLAB twister"
"5","MMF5","17","20260966","MATLAB twister"
"5","MMF5","18","20260967","MATLAB twister"
"5","MMF5","19","20260968","MATLAB twister"
"5","MMF5","20","20260969","MATLAB twister"
"5","MMF5","21","20260970","MATLAB twister"
"5","MMF5","22","20260971","MATLAB twister"
"5","MMF5","23","20260972","MATLAB twister"
"5","MMF5","24","20260973","MATLAB twister"
"5","MMF5","25","20260974","MATLAB twister"
"5","MMF5","26","20260975","MATLAB twister"
"5","MMF5","27","20260976","MATLAB twister"
"5","MMF5","28","20260977","MATLAB twister"
"5","MMF5","29","20260978","MATLAB twister"
"5","MMF5","30","20260979","MATLAB twister"
"5","MMF5","31","20260980","MATLAB twister"
"6","MMF6","1","20260981","MATLAB twister"
"6","MMF6","2","20260982","MATLAB twister"
"6","MMF6","3","20260983","MATLAB twister"
"6","MMF6","4","20260984","MATLAB twister"
"6","MMF6","5","20260985","MATLAB twister"
"6","MMF6","6","20260986","MATLAB twister"
"6","MMF6","7","20260987","MATLAB twister"
"6","MMF6","8","20260988","MATLAB twister"
"6","MMF6","9","20260989","MATLAB twister"
"6","MMF6","10","20260990","MATLAB twister"
"6","MMF6","11","20260991","MATLAB twister"
"6","MMF6","12","20260992","MATLAB twister"
"6","MMF6","13","20260993","MATLAB twister"
"6","MMF6","14","20260994","MATLAB twister"
"6","MMF6","15","20260995","MATLAB twister"
"6","MMF6","16","20260996","MATLAB twister"
"6","MMF6","17","20260997","MATLAB twister"
"6","MMF6","18","20260998","MATLAB twister"
"6","MMF6","19","20260999","MATLAB twister"
"6","MMF6","20","20261000","MATLAB twister"
"6","MMF6","21","20261001","MATLAB twister"
"6","MMF6","22","20261002","MATLAB twister"
"6","MMF6","23","20261003","MATLAB twister"
"6","MMF6","24","20261004","MATLAB twister"
"6","MMF6","25","20261005","MATLAB twister"
"6","MMF6","26","20261006","MATLAB twister"
"6","MMF6","27","20261007","MATLAB twister"
"6","MMF6","28","20261008","MATLAB twister"
"6","MMF6","29","20261009","MATLAB twister"
"6","MMF6","30","20261010","MATLAB twister"
"6","MMF6","31","20261011","MATLAB twister"
"7","MMF7","1","20261012","MATLAB twister"
"7","MMF7","2","20261013","MATLAB twister"
"7","MMF7","3","20261014","MATLAB twister"
"7","MMF7","4","20261015","MATLAB twister"
"7","MMF7","5","20261016","MATLAB twister"
"7","MMF7","6","20261017","MATLAB twister"
"7","MMF7","7","20261018","MATLAB twister"
"7","MMF7","8","20261019","MATLAB twister"
"7","MMF7","9","20261020","MATLAB twister"
"7","MMF7","10","20261021","MATLAB twister"
"7","MMF7","11","20261022","MATLAB twister"
"7","MMF7","12","20261023","MATLAB twister"
"7","MMF7","13","20261024","MATLAB twister"
"7","MMF7","14","20261025","MATLAB twister"
"7","MMF7","15","20261026","MATLAB twister"
"7","MMF7","16","20261027","MATLAB twister"
"7","MMF7","17","20261028","MATLAB twister"
"7","MMF7","18","20261029","MATLAB twister"
"7","MMF7","19","20261030","MATLAB twister"
"7","MMF7","20","20261031","MATLAB twister"
"7","MMF7","21","20261032","MATLAB twister"
"7","MMF7","22","20261033","MATLAB twister"
"7","MMF7","23","20261034","MATLAB twister"
"7","MMF7","24","20261035","MATLAB twister"
"7","MMF7","25","20261036","MATLAB twister"
"7","MMF7","26","20261037","MATLAB twister"
"7","MMF7","27","20261038","MATLAB twister"
"7","MMF7","28","20261039","MATLAB twister"
"7","MMF7","29","20261040","MATLAB twister"
"7","MMF7","30","20261041","MATLAB twister"
"7","MMF7","31","20261042","MATLAB twister"
"8","MMF8","1","20261043","MATLAB twister"
"8","MMF8","2","20261044","MATLAB twister"
"8","MMF8","3","20261045","MATLAB twister"
"8","MMF8","4","20261046","MATLAB twister"
"8","MMF8","5","20261047","MATLAB twister"
"8","MMF8","6","20261048","MATLAB twister"
"8","MMF8","7","20261049","MATLAB twister"
"8","MMF8","8","20261050","MATLAB twister"
"8","MMF8","9","20261051","MATLAB twister"
"8","MMF8","10","20261052","MATLAB twister"
"8","MMF8","11","20261053","MATLAB twister"
"8","MMF8","12","20261054","MATLAB twister"
"8","MMF8","13","20261055","MATLAB twister"
"8","MMF8","14","20261056","MATLAB twister"
"8","MMF8","15","20261057","MATLAB twister"
"8","MMF8","16","20261058","MATLAB twister"
"8","MMF8","17","20261059","MATLAB twister"
"8","MMF8","18","20261060","MATLAB twister"
"8","MMF8","19","20261061","MATLAB twister"
"8","MMF8","20","20261062","MATLAB twister"
"8","MMF8","21","20261063","MATLAB twister"
"8","MMF8","22","20261064","MATLAB twister"
"8","MMF8","23","20261065","MATLAB twister"
"8","MMF8","24","20261066","MATLAB twister"
"8","MMF8","25","20261067","MATLAB twister"
"8","MMF8","26","20261068","MATLAB twister"
"8","MMF8","27","20261069","MATLAB twister"
"8","MMF8","28","20261070","MATLAB twister"
"8","MMF8","29","20261071","MATLAB twister"
"8","MMF8","30","20261072","MATLAB twister"
"8","MMF8","31","20261073","MATLAB twister"
"9","MMF9","1","20261074","MATLAB twister"
"9","MMF9","2","20261075","MATLAB twister"
"9","MMF9","3","20261076","MATLAB twister"
"9","MMF9","4","20261077","MATLAB twister"
"9","MMF9","5","20261078","MATLAB twister"
"9","MMF9","6","20261079","MATLAB twister"
"9","MMF9","7","20261080","MATLAB twister"
"9","MMF9","8","20261081","MATLAB twister"
"9","MMF9","9","20261082","MATLAB twister"
"9","MMF9","10","20261083","MATLAB twister"
"9","MMF9","11","20261084","MATLAB twister"
"9","MMF9","12","20261085","MATLAB twister"
"9","MMF9","13","20261086","MATLAB twister"
"9","MMF9","14","20261087","MATLAB twister"
"9","MMF9","15","20261088","MATLAB twister"
"9","MMF9","16","20261089","MATLAB twister"
"9","MMF9","17","20261090","MATLAB twister"
"9","MMF9","18","20261091","MATLAB twister"
"9","MMF9","19","20261092","MATLAB twister"
"9","MMF9","20","20261093","MATLAB twister"
"9","MMF9","21","20261094","MATLAB twister"
"9","MMF9","22","20261095","MATLAB twister"
"9","MMF9","23","20261096","MATLAB twister"
"9","MMF9","24","20261097","MATLAB twister"
"9","MMF9","25","20261098","MATLAB twister"
"9","MMF9","26","20261099","MATLAB twister"
"9","MMF9","27","20261100","MATLAB twister"
"9","MMF9","28","20261101","MATLAB twister"
"9","MMF9","29","20261102","MATLAB twister"
"9","MMF9","30","20261103","MATLAB twister"
"9","MMF9","31","20261104","MATLAB twister"
"10","MMF10","1","20261105","MATLAB twister"
"10","MMF10","2","20261106","MATLAB twister"
"10","MMF10","3","20261107","MATLAB twister"
"10","MMF10","4","20261108","MATLAB twister"
"10","MMF10","5","20261109","MATLAB twister"
"10","MMF10","6","20261110","MATLAB twister"
"10","MMF10","7","20261111","MATLAB twister"
"10","MMF10","8","20261112","MATLAB twister"
"10","MMF10","9","20261113","MATLAB twister"
"10","MMF10","10","20261114","MATLAB twister"
"10","MMF10","11","20261115","MATLAB twister"
"10","MMF10","12","20261116","MATLAB twister"
"10","MMF10","13","20261117","MATLAB twister"
"10","MMF10","14","20261118","MATLAB twister"
"10","MMF10","15","20261119","MATLAB twister"
"10","MMF10","16","20261120","MATLAB twister"
"10","MMF10","17","20261121","MATLAB twister"
"10","MMF10","18","20261122","MATLAB twister"
"10","MMF10","19","20261123","MATLAB twister"
"10","MMF10","20","20261124","MATLAB twister"
"10","MMF10","21","20261125","MATLAB twister"
"10","MMF10","22","20261126","MATLAB twister"
"10","MMF10","23","20261127","MATLAB twister"
"10","MMF10","24","20261128","MATLAB twister"
"10","MMF10","25","20261129","MATLAB twister"
"10","MMF10","26","20261130","MATLAB twister"
"10","MMF10","27","20261131","MATLAB twister"
"10","MMF10","28","20261132","MATLAB twister"
"10","MMF10","29","20261133","MATLAB twister"
"10","MMF10","30","20261134","MATLAB twister"
"10","MMF10","31","20261135","MATLAB twister"
"11","MMF11","1","20261136","MATLAB twister"
"11","MMF11","2","20261137","MATLAB twister"
"11","MMF11","3","20261138","MATLAB twister"
"11","MMF11","4","20261139","MATLAB twister"
"11","MMF11","5","20261140","MATLAB twister"
"11","MMF11","6","20261141","MATLAB twister"
"11","MMF11","7","20261142","MATLAB twister"
"11","MMF11","8","20261143","MATLAB twister"
"11","MMF11","9","20261144","MATLAB twister"
"11","MMF11","10","20261145","MATLAB twister"
"11","MMF11","11","20261146","MATLAB twister"
"11","MMF11","12","20261147","MATLAB twister"
"11","MMF11","13","20261148","MATLAB twister"
"11","MMF11","14","20261149","MATLAB twister"
"11","MMF11","15","20261150","MATLAB twister"
"11","MMF11","16","20261151","MATLAB twister"
"11","MMF11","17","20261152","MATLAB twister"
"11","MMF11","18","20261153","MATLAB twister"
"11","MMF11","19","20261154","MATLAB twister"
"11","MMF11","20","20261155","MATLAB twister"
"11","MMF11","21","20261156","MATLAB twister"
"11","MMF11","22","20261157","MATLAB twister"
"11","MMF11","23","20261158","MATLAB twister"
"11","MMF11","24","20261159","MATLAB twister"
"11","MMF11","25","20261160","MATLAB twister"
"11","MMF11","26","20261161","MATLAB twister"
"11","MMF11","27","20261162","MATLAB twister"
"11","MMF11","28","20261163","MATLAB twister"
"11","MMF11","29","20261164","MATLAB twister"
"11","MMF11","30","20261165","MATLAB twister"
"11","MMF11","31","20261166","MATLAB twister"
"12","MMF12","1","20261167","MATLAB twister"
"12","MMF12","2","20261168","MATLAB twister"
"12","MMF12","3","20261169","MATLAB twister"
"12","MMF12","4","20261170","MATLAB twister"
"12","MMF12","5","20261171","MATLAB twister"
"12","MMF12","6","20261172","MATLAB twister"
"12","MMF12","7","20261173","MATLAB twister"
"12","MMF12","8","20261174","MATLAB twister"
"12","MMF12","9","20261175","MATLAB twister"
"12","MMF12","10","20261176","MATLAB twister"
"12","MMF12","11","20261177","MATLAB twister"
"12","MMF12","12","20261178","MATLAB twister"
"12","MMF12","13","20261179","MATLAB twister"
"12","MMF12","14","20261180","MATLAB twister"
"12","MMF12","15","20261181","MATLAB twister"
"12","MMF12","16","20261182","MATLAB twister"
"12","MMF12","17","20261183","MATLAB twister"
"12","MMF12","18","20261184","MATLAB twister"
"12","MMF12","19","20261185","MATLAB twister"
"12","MMF12","20","20261186","MATLAB twister"
"12","MMF12","21","20261187","MATLAB twister"
"12","MMF12","22","20261188","MATLAB twister"
"12","MMF12","23","20261189","MATLAB twister"
"12","MMF12","24","20261190","MATLAB twister"
"12","MMF12","25","20261191","MATLAB twister"
"12","MMF12","26","20261192","MATLAB twister"
"12","MMF12","27","20261193","MATLAB twister"
"12","MMF12","28","20261194","MATLAB twister"
"12","MMF12","29","20261195","MATLAB twister"
"12","MMF12","30","20261196","MATLAB twister"
"12","MMF12","31","20261197","MATLAB twister"
"13","MMF13","1","20261198","MATLAB twister"
"13","MMF13","2","20261199","MATLAB twister"
"13","MMF13","3","20261200","MATLAB twister"
"13","MMF13","4","20261201","MATLAB twister"
"13","MMF13","5","20261202","MATLAB twister"
"13","MMF13","6","20261203","MATLAB twister"
"13","MMF13","7","20261204","MATLAB twister"
"13","MMF13","8","20261205","MATLAB twister"
"13","MMF13","9","20261206","MATLAB twister"
"13","MMF13","10","20261207","MATLAB twister"
"13","MMF13","11","20261208","MATLAB twister"
"13","MMF13","12","20261209","MATLAB twister"
"13","MMF13","13","20261210","MATLAB twister"
"13","MMF13","14","20261211","MATLAB twister"
"13","MMF13","15","20261212","MATLAB twister"
"13","MMF13","16","20261213","MATLAB twister"
"13","MMF13","17","20261214","MATLAB twister"
"13","MMF13","18","20261215","MATLAB twister"
"13","MMF13","19","20261216","MATLAB twister"
"13","MMF13","20","20261217","MATLAB twister"
"13","MMF13","21","20261218","MATLAB twister"
"13","MMF13","22","20261219","MATLAB twister"
"13","MMF13","23","20261220","MATLAB twister"
"13","MMF13","24","20261221","MATLAB twister"
"13","MMF13","25","20261222","MATLAB twister"
"13","MMF13","26","20261223","MATLAB twister"
"13","MMF13","27","20261224","MATLAB twister"
"13","MMF13","28","20261225","MATLAB twister"
"13","MMF13","29","20261226","MATLAB twister"
"13","MMF13","30","20261227","MATLAB twister"
"13","MMF13","31","20261228","MATLAB twister"
"14","MMF14","1","20261229","MATLAB twister"
"14","MMF14","2","20261230","MATLAB twister"
"14","MMF14","3","20261231","MATLAB twister"
"14","MMF14","4","20261232","MATLAB twister"
"14","MMF14","5","20261233","MATLAB twister"
"14","MMF14","6","20261234","MATLAB twister"
"14","MMF14","7","20261235","MATLAB twister"
"14","MMF14","8","20261236","MATLAB twister"
"14","MMF14","9","20261237","MATLAB twister"
"14","MMF14","10","20261238","MATLAB twister"
"14","MMF14","11","20261239","MATLAB twister"
"14","MMF14","12","20261240","MATLAB twister"
"14","MMF14","13","20261241","MATLAB twister"
"14","MMF14","14","20261242","MATLAB twister"
"14","MMF14","15","20261243","MATLAB twister"
"14","MMF14","16","20261244","MATLAB twister"
"14","MMF14","17","20261245","MATLAB twister"
"14","MMF14","18","20261246","MATLAB twister"
"14","MMF14","19","20261247","MATLAB twister"
"14","MMF14","20","20261248","MATLAB twister"
"14","MMF14","21","20261249","MATLAB twister"
"14","MMF14","22","20261250","MATLAB twister"
"14","MMF14","23","20261251","MATLAB twister"
"14","MMF14","24","20261252","MATLAB twister"
"14","MMF14","25","20261253","MATLAB twister"
"14","MMF14","26","20261254","MATLAB twister"
"14","MMF14","27","20261255","MATLAB twister"
"14","MMF14","28","20261256","MATLAB twister"
"14","MMF14","29","20261257","MATLAB twister"
"14","MMF14","30","20261258","MATLAB twister"
"14","MMF14","31","20261259","MATLAB twister"
"15","MMF15","1","20261260","MATLAB twister"
"15","MMF15","2","20261261","MATLAB twister"
"15","MMF15","3","20261262","MATLAB twister"
"15","MMF15","4","20261263","MATLAB twister"
"15","MMF15","5","20261264","MATLAB twister"
"15","MMF15","6","20261265","MATLAB twister"
"15","MMF15","7","20261266","MATLAB twister"
"15","MMF15","8","20261267","MATLAB twister"
"15","MMF15","9","20261268","MATLAB twister"
"15","MMF15","10","20261269","MATLAB twister"
"15","MMF15","11","20261270","MATLAB twister"
"15","MMF15","12","20261271","MATLAB twister"
"15","MMF15","13","20261272","MATLAB twister"
"15","MMF15","14","20261273","MATLAB twister"
"15","MMF15","15","20261274","MATLAB twister"
"15","MMF15","16","20261275","MATLAB twister"
"15","MMF15","17","20261276","MATLAB twister"
"15","MMF15","18","20261277","MATLAB twister"
"15","MMF15","19","20261278","MATLAB twister"
"15","MMF15","20","20261279","MATLAB twister"
"15","MMF15","21","20261280","MATLAB twister"
"15","MMF15","22","20261281","MATLAB twister"
"15","MMF15","23","20261282","MATLAB twister"
"15","MMF15","24","20261283","MATLAB twister"
"15","MMF15","25","20261284","MATLAB twister"
"15","MMF15","26","20261285","MATLAB twister"
"15","MMF15","27","20261286","MATLAB twister"
"15","MMF15","28","20261287","MATLAB twister"
"15","MMF15","29","20261288","MATLAB twister"
"15","MMF15","30","20261289","MATLAB twister"
"15","MMF15","31","20261290","MATLAB twister"
"16","MMF1_z","1","20261291","MATLAB twister"
"16","MMF1_z","2","20261292","MATLAB twister"
"16","MMF1_z","3","20261293","MATLAB twister"
"16","MMF1_z","4","20261294","MATLAB twister"
"16","MMF1_z","5","20261295","MATLAB twister"
"16","MMF1_z","6","20261296","MATLAB twister"
"16","MMF1_z","7","20261297","MATLAB twister"
"16","MMF1_z","8","20261298","MATLAB twister"
"16","MMF1_z","9","20261299","MATLAB twister"
"16","MMF1_z","10","20261300","MATLAB twister"
"16","MMF1_z","11","20261301","MATLAB twister"
"16","MMF1_z","12","20261302","MATLAB twister"
"16","MMF1_z","13","20261303","MATLAB twister"
"16","MMF1_z","14","20261304","MATLAB twister"
"16","MMF1_z","15","20261305","MATLAB twister"
"16","MMF1_z","16","20261306","MATLAB twister"
"16","MMF1_z","17","20261307","MATLAB twister"
"16","MMF1_z","18","20261308","MATLAB twister"
"16","MMF1_z","19","20261309","MATLAB twister"
"16","MMF1_z","20","20261310","MATLAB twister"
"16","MMF1_z","21","20261311","MATLAB twister"
"16","MMF1_z","22","20261312","MATLAB twister"
"16","MMF1_z","23","20261313","MATLAB twister"
"16","MMF1_z","24","20261314","MATLAB twister"
"16","MMF1_z","25","20261315","MATLAB twister"
"16","MMF1_z","26","20261316","MATLAB twister"
"16","MMF1_z","27","20261317","MATLAB twister"
"16","MMF1_z","28","20261318","MATLAB twister"
"16","MMF1_z","29","20261319","MATLAB twister"
"16","MMF1_z","30","20261320","MATLAB twister"
"16","MMF1_z","31","20261321","MATLAB twister"
"17","MMF1_e","1","20261322","MATLAB twister"
"17","MMF1_e","2","20261323","MATLAB twister"
"17","MMF1_e","3","20261324","MATLAB twister"
"17","MMF1_e","4","20261325","MATLAB twister"
"17","MMF1_e","5","20261326","MATLAB twister"
"17","MMF1_e","6","20261327","MATLAB twister"
"17","MMF1_e","7","20261328","MATLAB twister"
"17","MMF1_e","8","20261329","MATLAB twister"
"17","MMF1_e","9","20261330","MATLAB twister"
"17","MMF1_e","10","20261331","MATLAB twister"
"17","MMF1_e","11","20261332","MATLAB twister"
"17","MMF1_e","12","20261333","MATLAB twister"
"17","MMF1_e","13","20261334","MATLAB twister"
"17","MMF1_e","14","20261335","MATLAB twister"
"17","MMF1_e","15","20261336","MATLAB twister"
"17","MMF1_e","16","20261337","MATLAB twister"
"17","MMF1_e","17","20261338","MATLAB twister"
"17","MMF1_e","18","20261339","MATLAB twister"
"17","MMF1_e","19","20261340","MATLAB twister"
"17","MMF1_e","20","20261341","MATLAB twister"
"17","MMF1_e","21","20261342","MATLAB twister"
"17","MMF1_e","22","20261343","MATLAB twister"
"17","MMF1_e","23","20261344","MATLAB twister"
"17","MMF1_e","24","20261345","MATLAB twister"
"17","MMF1_e","25","20261346","MATLAB twister"
"17","MMF1_e","26","20261347","MATLAB twister"
"17","MMF1_e","27","20261348","MATLAB twister"
"17","MMF1_e","28","20261349","MATLAB twister"
"17","MMF1_e","29","20261350","MATLAB twister"
"17","MMF1_e","30","20261351","MATLAB twister"
"17","MMF1_e","31","20261352","MATLAB twister"
"18","MMF14_a","1","20261353","MATLAB twister"
"18","MMF14_a","2","20261354","MATLAB twister"
"18","MMF14_a","3","20261355","MATLAB twister"
"18","MMF14_a","4","20261356","MATLAB twister"
"18","MMF14_a","5","20261357","MATLAB twister"
"18","MMF14_a","6","20261358","MATLAB twister"
"18","MMF14_a","7","20261359","MATLAB twister"
"18","MMF14_a","8","20261360","MATLAB twister"
"18","MMF14_a","9","20261361","MATLAB twister"
"18","MMF14_a","10","20261362","MATLAB twister"
"18","MMF14_a","11","20261363","MATLAB twister"
"18","MMF14_a","12","20261364","MATLAB twister"
"18","MMF14_a","13","20261365","MATLAB twister"
"18","MMF14_a","14","20261366","MATLAB twister"
"18","MMF14_a","15","20261367","MATLAB twister"
"18","MMF14_a","16","20261368","MATLAB twister"
"18","MMF14_a","17","20261369","MATLAB twister"
"18","MMF14_a","18","20261370","MATLAB twister"
"18","MMF14_a","19","20261371","MATLAB twister"
"18","MMF14_a","20","20261372","MATLAB twister"
"18","MMF14_a","21","20261373","MATLAB twister"
"18","MMF14_a","22","20261374","MATLAB twister"
"18","MMF14_a","23","20261375","MATLAB twister"
"18","MMF14_a","24","20261376","MATLAB twister"
"18","MMF14_a","25","20261377","MATLAB twister"
"18","MMF14_a","26","20261378","MATLAB twister"
"18","MMF14_a","27","20261379","MATLAB twister"
"18","MMF14_a","28","20261380","MATLAB twister"
"18","MMF14_a","29","20261381","MATLAB twister"
"18","MMF14_a","30","20261382","MATLAB twister"
"18","MMF14_a","31","20261383","MATLAB twister"
"19","MMF15_a","1","20261384","MATLAB twister"
"19","MMF15_a","2","20261385","MATLAB twister"
"19","MMF15_a","3","20261386","MATLAB twister"
"19","MMF15_a","4","20261387","MATLAB twister"
"19","MMF15_a","5","20261388","MATLAB twister"
"19","MMF15_a","6","20261389","MATLAB twister"
"19","MMF15_a","7","20261390","MATLAB twister"
"19","MMF15_a","8","20261391","MATLAB twister"
"19","MMF15_a","9","20261392","MATLAB twister"
"19","MMF15_a","10","20261393","MATLAB twister"
"19","MMF15_a","11","20261394","MATLAB twister"
"19","MMF15_a","12","20261395","MATLAB twister"
"19","MMF15_a","13","20261396","MATLAB twister"
"19","MMF15_a","14","20261397","MATLAB twister"
"19","MMF15_a","15","20261398","MATLAB twister"
"19","MMF15_a","16","20261399","MATLAB twister"
"19","MMF15_a","17","20261400","MATLAB twister"
"19","MMF15_a","18","20261401","MATLAB twister"
"19","MMF15_a","19","20261402","MATLAB twister"
"19","MMF15_a","20","20261403","MATLAB twister"
"19","MMF15_a","21","20261404","MATLAB twister"
"19","MMF15_a","22","20261405","MATLAB twister"
"19","MMF15_a","23","20261406","MATLAB twister"
"19","MMF15_a","24","20261407","MATLAB twister"
"19","MMF15_a","25","20261408","MATLAB twister"
"19","MMF15_a","26","20261409","MATLAB twister"
"19","MMF15_a","27","20261410","MATLAB twister"
"19","MMF15_a","28","20261411","MATLAB twister"
"19","MMF15_a","29","20261412","MATLAB twister"
"19","MMF15_a","30","20261413","MATLAB twister"
"19","MMF15_a","31","20261414","MATLAB twister"
"20","SYM_PART_simple","1","20261415","MATLAB twister"
"20","SYM_PART_simple","2","20261416","MATLAB twister"
"20","SYM_PART_simple","3","20261417","MATLAB twister"
"20","SYM_PART_simple","4","20261418","MATLAB twister"
"20","SYM_PART_simple","5","20261419","MATLAB twister"
"20","SYM_PART_simple","6","20261420","MATLAB twister"
"20","SYM_PART_simple","7","20261421","MATLAB twister"
"20","SYM_PART_simple","8","20261422","MATLAB twister"
"20","SYM_PART_simple","9","20261423","MATLAB twister"
"20","SYM_PART_simple","10","20261424","MATLAB twister"
"20","SYM_PART_simple","11","20261425","MATLAB twister"
"20","SYM_PART_simple","12","20261426","MATLAB twister"
"20","SYM_PART_simple","13","20261427","MATLAB twister"
"20","SYM_PART_simple","14","20261428","MATLAB twister"
"20","SYM_PART_simple","15","20261429","MATLAB twister"
"20","SYM_PART_simple","16","20261430","MATLAB twister"
"20","SYM_PART_simple","17","20261431","MATLAB twister"
"20","SYM_PART_simple","18","20261432","MATLAB twister"
"20","SYM_PART_simple","19","20261433","MATLAB twister"
"20","SYM_PART_simple","20","20261434","MATLAB twister"
"20","SYM_PART_simple","21","20261435","MATLAB twister"
"20","SYM_PART_simple","22","20261436","MATLAB twister"
"20","SYM_PART_simple","23","20261437","MATLAB twister"
"20","SYM_PART_simple","24","20261438","MATLAB twister"
"20","SYM_PART_simple","25","20261439","MATLAB twister"
"20","SYM_PART_simple","26","20261440","MATLAB twister"
"20","SYM_PART_simple","27","20261441","MATLAB twister"
"20","SYM_PART_simple","28","20261442","MATLAB twister"
"20","SYM_PART_simple","29","20261443","MATLAB twister"
"20","SYM_PART_simple","30","20261444","MATLAB twister"
"20","SYM_PART_simple","31","20261445","MATLAB twister"
"21","SYM_PART_rotated","1","20261446","MATLAB twister"
"21","SYM_PART_rotated","2","20261447","MATLAB twister"
"21","SYM_PART_rotated","3","20261448","MATLAB twister"
"21","SYM_PART_rotated","4","20261449","MATLAB twister"
"21","SYM_PART_rotated","5","20261450","MATLAB twister"
"21","SYM_PART_rotated","6","20261451","MATLAB twister"
"21","SYM_PART_rotated","7","20261452","MATLAB twister"
"21","SYM_PART_rotated","8","20261453","MATLAB twister"
"21","SYM_PART_rotated","9","20261454","MATLAB twister"
"21","SYM_PART_rotated","10","20261455","MATLAB twister"
"21","SYM_PART_rotated","11","20261456","MATLAB twister"
"21","SYM_PART_rotated","12","20261457","MATLAB twister"
"21","SYM_PART_rotated","13","20261458","MATLAB twister"
"21","SYM_PART_rotated","14","20261459","MATLAB twister"
"21","SYM_PART_rotated","15","20261460","MATLAB twister"
"21","SYM_PART_rotated","16","20261461","MATLAB twister"
"21","SYM_PART_rotated","17","20261462","MATLAB twister"
"21","SYM_PART_rotated","18","20261463","MATLAB twister"
"21","SYM_PART_rotated","19","20261464","MATLAB twister"
"21","SYM_PART_rotated","20","20261465","MATLAB twister"
"21","SYM_PART_rotated","21","20261466","MATLAB twister"
"21","SYM_PART_rotated","22","20261467","MATLAB twister"
"21","SYM_PART_rotated","23","20261468","MATLAB twister"
"21","SYM_PART_rotated","24","20261469","MATLAB twister"
"21","SYM_PART_rotated","25","20261470","MATLAB twister"
"21","SYM_PART_rotated","26","20261471","MATLAB twister"
"21","SYM_PART_rotated","27","20261472","MATLAB twister"
"21","SYM_PART_rotated","28","20261473","MATLAB twister"
"21","SYM_PART_rotated","29","20261474","MATLAB twister"
"21","SYM_PART_rotated","30","20261475","MATLAB twister"
"21","SYM_PART_rotated","31","20261476","MATLAB twister"
"22","Omni_test","1","20261477","MATLAB twister"
"22","Omni_test","2","20261478","MATLAB twister"
"22","Omni_test","3","20261479","MATLAB twister"
"22","Omni_test","4","20261480","MATLAB twister"
"22","Omni_test","5","20261481","MATLAB twister"
"22","Omni_test","6","20261482","MATLAB twister"
"22","Omni_test","7","20261483","MATLAB twister"
"22","Omni_test","8","20261484","MATLAB twister"
"22","Omni_test","9","20261485","MATLAB twister"
"22","Omni_test","10","20261486","MATLAB twister"
"22","Omni_test","11","20261487","MATLAB twister"
"22","Omni_test","12","20261488","MATLAB twister"
"22","Omni_test","13","20261489","MATLAB twister"
"22","Omni_test","14","20261490","MATLAB twister"
"22","Omni_test","15","20261491","MATLAB twister"
"22","Omni_test","16","20261492","MATLAB twister"
"22","Omni_test","17","20261493","MATLAB twister"
"22","Omni_test","18","20261494","MATLAB twister"
"22","Omni_test","19","20261495","MATLAB twister"
"22","Omni_test","20","20261496","MATLAB twister"
"22","Omni_test","21","20261497","MATLAB twister"
"22","Omni_test","22","20261498","MATLAB twister"
"22","Omni_test","23","20261499","MATLAB twister"
"22","Omni_test","24","20261500","MATLAB twister"
"22","Omni_test","25","20261501","MATLAB twister"
"22","Omni_test","26","20261502","MATLAB twister"
"22","Omni_test","27","20261503","MATLAB twister"
"22","Omni_test","28","20261504","MATLAB twister"
"22","Omni_test","29","20261505","MATLAB twister"
"22","Omni_test","30","20261506","MATLAB twister"
"22","Omni_test","31","20261507","MATLAB twister"
