de [mm],g [mm],I [A],Nn [],Nc [],Force1.Force_y [kNewton]
11,0.3,5,14,14,-30.5625036
11,0.4,5,14,14,-28.15960833
11,0.5,5,14,14,-25.55639943
11,0.6,5,14,14,-22.82566957
11,0.7,5,14,14,-20.24863962
11,0.8,5,14,14,-17.63357487
11,0.9,5,14,14,-15.21084267
11,1,5,14,14,-13.01239222
13,0.3,5,14,14,-36.39742367
13,0.4,5,14,14,-33.54969321
13,0.5,5,14,14,-30.49288693
13,0.6,5,14,14,-27.29011256
13,0.7,5,14,14,-24.18523728
13,0.8,5,14,14,-20.97743513
13,0.9,5,14,14,-18.01709763
13,1,5,14,14,-15.30318455
15,0.3,5,14,14,-42.01568258
15,0.4,5,14,14,-38.84726283
15,0.5,5,14,14,-35.3323883
15,0.6,5,14,14,-31.70689823
15,0.7,5,14,14,-28.07437272
15,0.8,5,14,14,-24.29847923
15,0.9,5,14,14,-20.79605204
15,1,5,14,14,-17.51601294
17,0.3,5,14,14,-47.65514455
17,0.4,5,14,14,-44.08195071
17,0.5,5,14,14,-40.14810143
17,0.6,5,14,14,-36.11457363
17,0.7,5,14,14,-31.92722989
17,0.8,5,14,14,-27.61179083
17,0.9,5,14,14,-23.53936661
17,1,5,14,14,-19.8007856
19,0.3,5,14,14,-53.12168815
19,0.4,5,14,14,-49.17992424
19,0.5,5,14,14,-44.85206949
19,0.6,5,14,14,-40.41412938
19,0.7,5,14,14,-35.71725053
19,0.8,5,14,14,-30.93838643
19,0.9,5,14,14,-26.28876826
19,1,5,14,14,-22.0251837
21,0.3,5,14,14,-58.5508593
21,0.4,5,14,14,-54.24328314
21,0.5,5,14,14,-49.52946633
21,0.6,5,14,14,-44.70807161
21,0.7,5,14,14,-39.47509636
21,0.8,5,14,14,-34.21516142
21,0.9,5,14,14,-29.0126078
21,1,5,14,14,-24.23317765
23,0.3,5,14,14,-63.8066879
23,0.4,5,14,14,-59.19429778
23,0.5,5,14,14,-54.16968044
23,0.6,5,14,14,-48.93906979
23,0.7,5,14,14,-43.2265394
23,0.8,5,14,14,-37.48649786
23,0.9,5,14,14,-31.69933582
23,1,5,14,14,-26.43023774
25,0.3,5,14,14,-69.01392557
25,0.4,5,14,14,-64.08187736
25,0.5,5,14,14,-58.71818147
25,0.6,5,14,14,-53.10170694
25,0.7,5,14,14,-46.95622953
25,0.8,5,14,14,-40.69433197
25,0.9,5,14,14,-34.3965131
25,1,5,14,14,-28.60813557
27,0.3,5,14,14,-74.19683256
27,0.4,5,14,14,-68.94446316
27,0.5,5,14,14,-63.26606882
27,0.6,5,14,14,-57.25967046
27,0.7,5,14,14,-50.67756887
27,0.8,5,14,14,-43.95423775
27,0.9,5,14,14,-37.08330955
27,1,5,14,14,-30.79288909
29,0.3,5,14,14,-79.24761646
29,0.4,5,14,14,-73.73592686
29,0.5,5,14,14,-67.77044455
29,0.6,5,14,14,-61.35551118
29,0.7,5,14,14,-54.39970593
29,0.8,5,14,14,-47.17246655
29,0.9,5,14,14,-39.76843279
29,1,5,14,14,-32.99087977
31,0.3,5,14,14,-84.28962756
31,0.4,5,14,14,-78.4561215
31,0.5,5,14,14,-72.2102914
31,0.6,5,14,14,-65.41980648
31,0.7,5,14,14,-58.03727893
31,0.8,5,14,14,-50.36568329
31,0.9,5,14,14,-42.34685271
31,1,5,14,14,-35.15589179
33,0.3,5,14,14,-89.23537963
33,0.4,5,14,14,-83.13177713
33,0.5,5,14,14,-76.64255815
33,0.6,5,14,14,-69.48324301
33,0.7,5,14,14,-61.69997058
33,0.8,5,14,14,-53.56141368
33,0.9,5,14,14,-45.05899752
33,1,5,14,14,-37.34359516
35,0.3,5,14,14,-94.04837431
35,0.4,5,14,14,-87.86798592
35,0.5,5,14,14,-81.02082284
35,0.6,5,14,14,-73.49174485
35,0.7,5,14,14,-65.40564883
35,0.8,5,14,14,-56.72600623
35,0.9,5,14,14,-47.70224333
35,1,5,14,14,-39.51212445
37,0.3,5,14,14,-98.95713624
37,0.4,5,14,14,-92.40559182
37,0.5,5,14,14,-85.33038145
37,0.6,5,14,14,-77.45934759
37,0.7,5,14,14,-69.05621942
37,0.8,5,14,14,-59.88585613
37,0.9,5,14,14,-50.33848597
37,1,5,14,14,-41.6788182
39,0.3,5,14,14,-103.7744523
39,0.4,5,14,14,-96.96873558
39,0.5,5,14,14,-89.57578446
39,0.6,5,14,14,-81.35623295
39,0.7,5,14,14,-72.59740065
39,0.8,5,14,14,-63.04276982
39,0.9,5,14,14,-52.96990985
39,1,5,14,14,-43.85908317
