de [mm],g [mm],Nn [],Nc [],Force1.Force_y [kNewton],source,sweep_axis,DNN_seed_7,DNN_seed_21,DNN_seed_42,DNN_seed_84,DNN_seed_126,DNN_ensemble_prediction_kN,Polynomial_prediction_kN,RBF_prediction_kN
13,0.3,14.0,14,-36.39742367,de1.csv,de,-36.76351,-36.82708,-36.617485,-36.559532,-36.418247,-36.63717,-36.70675,-36.31102343330023
13,0.4,14.0,14,-33.54969321,de1.csv,de,-34.075592,-33.803104,-33.617325,-33.54335,-34.099792,-33.82783,-33.773766,-33.54722338518927
13,0.5,14.0,14,-30.49288693,de1.csv,de,-31.209526,-30.525398,-30.180561,-30.827888,-31.130524,-30.77478,-30.693653,-30.503119021161865
13,0.6,14.0,14,-27.29011256,de1.csv,de,-27.769865,-27.390654,-27.186172,-27.520594,-27.510248,-27.475506,-27.46482,-27.316420236141667
13,0.7,14.0,14,-24.18523728,de1.csv,de,-24.17941,-23.967703,-24.218678,-24.038044,-24.006681,-24.082104,-24.085663,-24.210765930218844
13,0.8,14.0,14,-20.97743513,de1.csv,de,-21.373415,-20.71955,-20.946796,-20.784407,-20.982769,-20.961386,-20.55458,-21.028369203214382
13,0.9,14.0,14,-18.01709763,de1.csv,de,-18.424776,-17.596407,-17.879875,-17.772732,-18.139446,-17.962646,-16.869965,-18.09063552349375
13,1.0,14.0,14,-15.30318455,de1.csv,de,-15.341633,-14.223193,-15.2342825,-15.165749,-15.187588,-15.03049,-13.03022,-15.389141176266339
17,0.3,14.0,14,-47.65514455,de1.csv,de,-48.14336,-47.509186,-47.609524,-47.353195,-47.57699,-47.63845,-47.625717,-47.616328593716474
17,0.4,14.0,14,-44.08195071,de1.csv,de,-44.571064,-43.996204,-43.83716,-43.920456,-44.195587,-44.10409,-44.036438,-44.057408257447875
17,0.5,14.0,14,-40.14810143,de1.csv,de,-40.893024,-40.152164,-40.059467,-40.072296,-40.263557,-40.288105,-40.25512,-40.122352410329555
17,0.6,14.0,14,-36.11457363,de1.csv,de,-36.793995,-35.902657,-36.413544,-36.03288,-35.88515,-36.205647,-36.280163,-36.071758626302476
17,0.7,14.0,14,-31.92722989,de1.csv,de,-31.945513,-31.51809,-31.567348,-31.665037,-31.53019,-31.645233,-32.10997,-31.90266680896116
17,0.8,14.0,14,-27.61179083,de1.csv,de,-27.83048,-27.671965,-27.250305,-27.049608,-27.797,-27.51987,-27.742939,-27.618455683397478
17,0.9,14.0,14,-23.53936661,de1.csv,de,-23.746939,-22.982918,-23.424347,-23.255219,-23.404863,-23.362858,-23.177464,-23.52870538558937
17,1.0,14.0,14,-19.8007856,de1.csv,de,-19.698568,-19.334536,-19.979973,-19.83149,-19.610453,-19.691004,-18.41195,-19.747083331924756
21,0.3,14.0,14,-58.5508593,de1.csv,de,-59.089687,-58.654026,-58.18941,-58.392273,-58.234005,-58.51188,-58.28902,-58.49820514647225
21,0.4,14.0,14,-54.24328314,de1.csv,de,-54.600826,-54.263153,-54.14971,-54.075806,-54.066418,-54.231182,-54.054947,-54.22335972469058
21,0.5,14.0,14,-49.52946633,de1.csv,de,-49.925877,-49.398224,-49.595116,-49.55927,-49.196686,-49.535034,-49.583923,-49.54203261712099
21,0.6,14.0,14,-44.70807161,de1.csv,de,-44.978207,-44.189087,-44.659096,-44.678955,-44.464737,-44.594017,-44.874344,-44.68966362124959
21,0.7,14.0,14,-39.47509636,de1.csv,de,-39.90583,-39.163677,-39.26086,-39.243614,-39.818256,-39.478447,-39.924614,-39.49472092636152
21,0.8,14.0,14,-34.21516142,de1.csv,de,-34.324932,-33.916183,-33.980537,-34.081367,-33.88777,-34.03816,-34.733128,-34.22001402671152
21,0.9,14.0,14,-29.0126078,de1.csv,de,-29.059288,-28.527517,-29.323156,-29.48629,-28.40169,-28.959589,-29.298294,-29.00750002569557
21,1.0,14.0,14,-24.23317765,de1.csv,de,-24.494984,-24.148563,-24.385572,-24.35561,-23.711473,-24.219242,-23.618492,-24.238187799624505
25,0.3,14.0,14,-69.01392557,de1.csv,de,-69.446465,-69.805466,-68.856415,-68.830505,-68.986206,-69.18501,-68.69962,-69.0293507169059
25,0.4,14.0,14,-64.08187736,de1.csv,de,-64.54972,-64.13278,-63.990562,-63.89683,-64.17667,-64.14931,-63.832253,-64.10218836628101
25,0.5,14.0,14,-58.71818147,de1.csv,de,-59.232327,-58.091915,-58.651867,-58.87641,-58.73333,-58.71717,-58.683018,-58.744461798970974
25,0.6,14.0,14,-53.10170694,de1.csv,de,-53.572544,-52.6957,-53.04648,-52.899574,-52.785053,-52.99987,-53.250313,-53.11277763232374
25,0.7,14.0,14,-46.95622953,de1.csv,de,-47.489395,-47.167675,-46.883537,-46.513664,-46.855198,-46.981895,-47.532547,-46.97784747006745
25,0.8,14.0,14,-40.69433197,de1.csv,de,-40.868725,-40.442665,-40.7404,-40.782578,-39.817677,-40.530407,-41.528114,-40.72191298212483
25,0.9,14.0,14,-34.3965131,de1.csv,de,-34.99551,-34.283554,-34.74891,-34.720036,-33.629852,-34.475574,-35.235413,-34.41222933115853
25,1.0,14.0,14,-28.60813557,de1.csv,de,-29.45172,-28.950092,-29.176893,-28.703566,-28.379286,-28.932312,-28.652832,-28.61613994196921
29,0.3,14.0,14,-79.24761646,de1.csv,de,-79.44915,-79.61877,-79.18319,-78.77017,-79.59266,-79.322784,-78.86048,-79.27841012583434
29,0.4,14.0,14,-73.73592686,de1.csv,de,-74.23939,-73.55326,-73.75729,-73.55726,-73.6179,-73.74502,-73.371315,-73.72567408628487
29,0.5,14.0,14,-67.77044455,de1.csv,de,-68.269035,-67.48777,-67.79173,-67.60249,-67.40748,-67.7117,-67.55537,-67.75248645297913
29,0.6,14.0,14,-61.35551118,de1.csv,de,-62.024372,-61.368057,-61.197773,-61.000195,-61.326622,-61.383404,-61.41104,-61.34832630034981
29,0.7,14.0,14,-54.39970593,de1.csv,de,-54.68143,-54.166645,-54.48445,-54.479126,-54.403687,-54.443066,-54.936733,-54.37613043960048
29,0.8,14.0,14,-47.17246655,de1.csv,de,-47.63285,-47.33152,-46.503654,-47.380043,-46.579185,-47.08545,-48.13085,-47.157429579381535
29,0.9,14.0,14,-39.76843279,de1.csv,de,-39.876667,-39.72119,-39.47322,-39.48001,-39.087677,-39.527752,-40.991776,-39.737264259278014
29,1.0,14.0,14,-32.99087977,de1.csv,de,-33.07935,-32.75432,-33.077736,-32.546043,-32.27871,-32.74723,-33.517918,-32.97138295376159
33,0.3,14.0,14,-89.23537963,de1.csv,de,-89.549355,-89.03127,-88.973724,-88.78628,-89.119736,-89.09208,-88.77456,-89.18415040254602
33,0.4,14.0,14,-83.13177713,de1.csv,de,-83.663,-82.965775,-83.1469,-82.77824,-82.59667,-83.03012,-82.675095,-83.19179712582206
33,0.5,14.0,14,-76.64255815,de1.csv,de,-77.41679,-76.900276,-76.37083,-76.0881,-76.2863,-76.612465,-76.20394,-76.63958665599462
33,0.6,14.0,14,-69.48324301,de1.csv,de,-69.86698,-69.271904,-69.20704,-69.21403,-69.77311,-69.466606,-69.35948,-69.48092155701514
33,0.7,14.0,14,-61.69997058,de1.csv,de,-62.399548,-61.60639,-61.129864,-62.017204,-61.04236,-61.639076,-62.140137,-61.74205372288171
33,0.8,14.0,14,-53.56141368,de1.csv,de,-53.955082,-53.12452,-52.79387,-53.175385,-52.618828,-53.133537,-54.544296,-53.55307895993971
33,0.9,14.0,14,-45.05899752,de1.csv,de,-44.99004,-44.88891,-44.76564,-44.9012,-44.43676,-44.79651,-46.57036,-45.07384019412129
33,1.0,14.0,14,-37.34359516,de1.csv,de,-37.176285,-37.350784,-37.88186,-37.29119,-37.19637,-37.379295,-38.21672,-37.364016880697115
37,0.3,14.0,14,-98.95713624,de1.csv,de,-99.105034,-98.47451,-98.551636,-98.18773,-98.81751,-98.62728,-98.44482,-98.9373653990641
37,0.4,14.0,14,-92.40559182,de1.csv,de,-92.82803,-92.40089,-91.835266,-91.86227,-92.29446,-92.24419,-91.74655,-92.44763219187237
37,0.5,14.0,14,-85.33038145,de1.csv,de,-85.46604,-84.96076,-84.882385,-84.77482,-85.31136,-85.07908,-84.631676,-85.31222911554359
37,0.6,14.0,14,-77.45934759,de1.csv,de,-77.79191,-77.171974,-76.96448,-77.595726,-77.37389,-77.37959,-77.098595,-77.44688101201959
37,0.7,14.0,14,-69.05621942,de1.csv,de,-69.74406,-68.89374,-68.31267,-68.488235,-68.06049,-68.69984,-69.145706,-69.00172806831353
37,0.8,14.0,14,-59.88585613,de1.csv,de,-60.017467,-59.472103,-59.524673,-59.445168,-59.086838,-59.509254,-60.771404,-59.85347665265294
37,0.9,14.0,14,-50.33848597,de1.csv,de,-50.778896,-50.527893,-51.10121,-50.503593,-50.422874,-50.666893,-51.9741,-50.272498145849475
37,1.0,14.0,14,-41.6788182,de1.csv,de,-42.479893,-42.588898,-43.018444,-42.672127,-42.66754,-42.685383,-42.75218,-41.54799510769432
11,0.3,14.0,15,-31.10718405,Nc1.csv,Nc,-31.580248,-31.057316,-31.31714,-31.381798,-30.985535,-31.264408,-31.618465,-31.07707777584347
11,0.3,14.0,17,-31.91020365,Nc1.csv,Nc,-31.947474,-31.587883,-32.03832,-32.038673,-31.92176,-31.90682,-32.263485,-31.869662723520584
11,0.3,14.0,19,-32.52333886,Nc1.csv,Nc,-32.9244,-32.414665,-32.45434,-32.680004,-32.738956,-32.642475,-32.642742,-32.54075552407125
11,0.3,14.0,21,-33.09548361,Nc1.csv,Nc,-33.547794,-33.120193,-32.879402,-33.286213,-33.30626,-33.227974,-32.902924,-33.10611388915767
11,0.3,14.0,23,-33.62875003,Nc1.csv,Nc,-34.127262,-33.717503,-33.45395,-33.776825,-33.753067,-33.76572,-33.19069,-33.62920968059979
11,0.3,14.0,25,-34.14271227,Nc1.csv,Nc,-34.61484,-34.30523,-34.05368,-34.223515,-34.142647,-34.267982,-33.652714,-34.08620082327139
11,0.3,14.0,27,-34.54650707,Nc1.csv,Nc,-34.940685,-34.930218,-34.57774,-34.767197,-34.587982,-34.760765,-34.435654,-34.477055552065444
11,0.4,14.0,15,-28.79164202,Nc1.csv,Nc,-29.469357,-28.951021,-28.980064,-28.839245,-28.710232,-28.989985,-29.209202,-28.767826745481955
11,0.4,14.0,17,-29.78484601,Nc1.csv,Nc,-29.881195,-29.518698,-29.752813,-29.935516,-29.731932,-29.764032,-30.172256,-29.699996699598916
11,0.4,14.0,19,-30.51723258,Nc1.csv,Nc,-30.969364,-30.33794,-30.62438,-30.579,-30.647812,-30.631702,-30.783585,-30.473598226145892
11,0.4,14.0,21,-31.14560951,Nc1.csv,Nc,-31.506187,-31.051428,-31.120384,-31.14579,-31.37297,-31.239353,-31.189854,-31.132578329660294
11,0.4,14.0,23,-31.72895169,Nc1.csv,Nc,-32.060135,-31.63656,-31.621855,-31.784508,-31.785603,-31.77773,-31.537735,-31.70832584221873
11,0.4,14.0,25,-32.25304466,Nc1.csv,Nc,-32.375454,-32.24043,-32.226753,-32.46369,-32.265335,-32.314335,-31.9739,-32.27313542266197
11,0.4,14.0,27,-32.77189138,Nc1.csv,Nc,-32.842064,-32.925484,-32.697807,-33.005707,-32.74997,-32.844208,-32.64501,-32.74243465070954
11,0.5,14.0,15,-26.4205432,Nc1.csv,Nc,-26.930227,-26.579706,-26.632782,-26.397928,-26.581059,-26.62434,-26.69215,-26.367649039505878
11,0.5,14.0,17,-27.67050559,Nc1.csv,Nc,-27.695824,-27.813148,-27.585148,-27.648441,-27.608139,-27.67014,-28.007023,-27.64922672467029
11,0.5,14.0,19,-28.64006146,Nc1.csv,Nc,-29.035965,-28.569578,-28.483189,-28.634888,-28.577473,-28.660217,-28.884182,-28.567148985462627
11,0.5,14.0,21,-29.30010479,Nc1.csv,Nc,-29.688993,-29.219719,-29.387775,-29.264986,-29.501131,-29.412521,-29.470322,-29.264366072351443
11,0.5,14.0,23,-29.90112516,Nc1.csv,Nc,-30.038763,-29.840776,-29.905447,-29.975159,-30.058155,-29.96366,-29.912086,-29.897913114699733
11,0.5,14.0,25,-30.46410637,Nc1.csv,Nc,-30.421625,-30.491148,-30.368706,-30.688103,-30.57962,-30.509838,-30.356167,-30.470664261625796
11,0.5,14.0,27,-31.03843201,Nc1.csv,Nc,-31.040213,-31.11809,-30.818039,-31.321497,-31.108221,-31.081211,-30.949215,-30.98297761393001
11,0.6,14.0,15,-23.88712339,Nc1.csv,Nc,-24.41281,-24.042936,-23.863388,-24.06685,-24.176895,-24.112576,-24.065723,-23.856448213151676
11,0.6,14.0,17,-25.51185007,Nc1.csv,Nc,-25.611696,-25.73158,-25.477959,-25.452518,-25.794994,-25.61375,-25.76617,-25.473482508401997
11,0.6,14.0,19,-26.76664265,Nc1.csv,Nc,-26.87721,-26.749365,-26.44793,-26.649693,-26.851257,-26.715092,-26.94294,-26.648362662569944
11,0.6,14.0,21,-27.53587734,Nc1.csv,Nc,-27.95002,-27.4974,-27.448097,-27.636633,-27.769535,-27.660336,-27.74271,-27.514468013544125
11,0.6,14.0,23,-28.24851074,Nc1.csv,Nc,-28.5967,-28.13317,-28.380436,-28.19146,-28.513027,-28.362957,-28.312141,-28.21298078208374
11,0.6,14.0,25,-28.84921476,Nc1.csv,Nc,-29.08689,-28.792517,-28.819307,-28.897678,-29.032242,-28.925726,-28.797897,-28.822041065463445
11,0.6,14.0,27,-29.43508908,Nc1.csv,Nc,-29.528969,-29.406662,-29.241276,-29.606133,-29.560835,-29.468775,-29.346653,-29.35396186715788
11,0.7,14.0,15,-21.42323668,Nc1.csv,Nc,-21.772003,-21.257324,-21.472637,-21.47881,-21.582462,-21.512646,-21.328308,-21.398684712407093
11,0.7,14.0,17,-23.31028131,Nc1.csv,Nc,-23.876734,-23.17127,-23.454674,-23.29034,-23.659927,-23.49059,-23.448112,-23.270144906772455
11,0.7,14.0,19,-24.84559116,Nc1.csv,Nc,-25.238316,-25.044703,-24.645836,-24.689075,-25.106167,-24.94482,-24.95826,-24.69486405580314
11,0.7,14.0,21,-25.86335823,Nc1.csv,Nc,-26.173769,-25.803537,-25.751635,-25.923824,-26.037943,-25.938145,-26.005432,-25.77635575639041
11,0.7,14.0,23,-26.62888286,Nc1.csv,Nc,-26.85811,-26.422932,-26.670498,-26.80197,-26.983253,-26.74735,-26.73629,-26.630864403737036
11,0.7,14.0,25,-27.31683224,Nc1.csv,Nc,-27.56059,-27.151403,-27.644688,-27.281263,-27.486656,-27.424921,-27.2975,-27.299199152161393
11,0.7,14.0,27,-27.91980153,Nc1.csv,Nc,-28.257513,-27.856565,-27.99862,-27.90977,-28.016651,-28.007824,-27.835735,-27.85006002893444
11,0.8,14.0,15,-19.04453431,Nc1.csv,Nc,-19.239342,-18.740313,-19.406506,-19.054497,-19.056627,-19.099457,-18.478313,-18.964861873731273
11,0.8,14.0,17,-21.14153454,Nc1.csv,Nc,-21.499437,-20.764753,-21.142456,-21.135931,-21.349781,-21.178473,-21.051243,-21.124273879227708
11,0.8,14.0,19,-22.78637654,Nc1.csv,Nc,-23.97029,-22.601568,-22.729544,-22.792583,-23.016306,-23.022057,-22.92854,-22.786241215647298
11,0.8,14.0,21,-24.1083123,Nc1.csv,Nc,-24.709936,-24.32876,-23.977573,-23.974457,-24.33387,-24.26492,-24.256886,-24.097685573721638
11,0.8,14.0,23,-25.120714,Nc1.csv,Nc,-25.26547,-25.089888,-25.212055,-25.199883,-25.300522,-25.213564,-25.182941,-25.073831125141574
11,0.8,14.0,25,-25.82123711,Nc1.csv,Nc,-25.88233,-25.718544,-25.948528,-25.951513,-25.939287,-25.888042,-25.853378,-25.810790984016887
11,0.8,14.0,27,-26.48735988,Nc1.csv,Nc,-26.561995,-26.261604,-26.57404,-26.494827,-26.539331,-26.486362,-26.41486,-26.421834975693915
11,0.9,14.0,15,-16.66183402,Nc1.csv,Nc,-16.817144,-16.185785,-16.86023,-16.909235,-16.603443,-16.675167,-15.514133,-16.667491975307463
11,0.9,14.0,17,-19.06891349,Nc1.csv,Nc,-19.271519,-18.940405,-19.069546,-19.099514,-19.184002,-19.112997,-18.573956,-19.012447363629246
11,0.9,14.0,19,-20.85593035,Nc1.csv,Nc,-21.412924,-20.263325,-20.62056,-20.892618,-21.02578,-20.84304,-20.852173,-20.835175964697157
11,0.9,14.0,21,-22.33165618,Nc1.csv,Nc,-23.070961,-22.147577,-22.326708,-22.234514,-22.672295,-22.49041,-22.49546,-22.325822567667284
11,0.9,14.0,23,-23.55723611,Nc1.csv,Nc,-24.058289,-23.538094,-23.467434,-23.369232,-23.83275,-23.653158,-23.650486,-23.477309094224907
11,0.9,14.0,25,-24.43034516,Nc1.csv,Nc,-24.644049,-24.509584,-24.552849,-24.618343,-24.75901,-24.616768,-24.46392,-24.354228557074748
11,0.9,14.0,27,-25.11551333,Nc1.csv,Nc,-25.262632,-25.126825,-25.40535,-25.330088,-25.40495,-25.30597,-25.082424,-25.096436479850542
11,1.0,14.0,15,-14.5107964,Nc1.csv,Nc,-14.988371,-14.172709,-14.539374,-14.481658,-14.591574,-14.554738,-12.434166,-14.488472268113057
11,1.0,14.0,17,-17.02343235,Nc1.csv,Nc,-17.376993,-17.104025,-17.023075,-17.286743,-17.00469,-17.159105,-16.014648,-16.950176285300603
11,1.0,14.0,19,-19.02387287,Nc1.csv,Nc,-19.189045,-18.871944,-18.958586,-19.134876,-18.989109,-19.028711,-18.727562,-18.978197574120106
11,1.0,14.0,21,-20.61708036,Nc1.csv,Nc,-20.95559,-20.248524,-20.292334,-20.652586,-20.802376,-20.590282,-20.719566,-20.570559179717364
11,1.0,14.0,23,-21.97283762,Nc1.csv,Nc,-22.472616,-22.05246,-21.860735,-21.912312,-22.18142,-22.09591,-22.137333,-21.886962733499736
11,1.0,14.0,25,-22.945183,Nc1.csv,Nc,-23.22545,-22.989641,-22.943562,-22.935354,-23.428463,-23.104496,-23.12753,-22.924213303131115
11,1.0,14.0,27,-23.74385224,Nc1.csv,Nc,-24.267517,-23.820223,-24.128479,-24.094501,-24.078005,-24.077744,-23.836823,-23.751749826057406
11,0.3,14.5,14,-30.95893544,Nn1.csv,Nn,-31.307663,-31.126032,-31.099112,-31.106289,-30.862846,-31.100391,-31.48988,-30.956491716134163
11,0.4,14.5,14,-28.59313147,Nn1.csv,Nn,-29.053715,-28.81732,-28.615059,-28.523499,-28.634966,-28.728912,-28.988445,-28.608924142972008
11,0.5,14.5,14,-26.11705274,Nn1.csv,Nn,-26.39525,-25.997711,-26.162231,-26.136934,-26.50162,-26.238749,-26.369095,-26.121820112274428
11,0.6,14.5,14,-23.47052546,Nn1.csv,Nn,-23.92002,-23.469332,-23.25859,-23.694458,-23.70996,-23.610472,-23.630215,-23.48459156110729
11,0.7,14.5,14,-20.9312926,Nn1.csv,Nn,-21.236883,-20.95838,-20.525455,-20.919828,-20.929203,-20.91395,-20.770222,-20.948618781600345
11,0.8,14.5,14,-18.43243566,Nn1.csv,Nn,-18.702377,-18.252245,-18.267416,-18.401371,-18.448893,-18.414461,-17.787514,-18.43082417922045
11,0.9,14.5,14,-15.97934346,Nn1.csv,Nn,-16.127415,-15.42703,-15.633592,-16.10601,-15.905215,-15.839851,-14.680466,-16.02854748563429
11,1.0,14.5,14,-13.79314287,Nn1.csv,Nn,-14.351719,-13.440661,-13.770007,-13.723511,-13.604248,-13.77803,-11.447506,-13.839855089500734
11,0.3,15.5,14,-31.60771864,Nn1.csv,Nn,-31.954365,-31.737438,-31.76749,-31.660946,-31.454584,-31.714966,-32.088272,-31.61542217209004
11,0.4,15.5,14,-29.36702406,Nn1.csv,Nn,-29.781328,-29.52152,-29.392906,-29.40252,-29.316313,-29.482916,-29.766335,-29.363136129825467
11,0.5,15.5,14,-27.10780841,Nn1.csv,Nn,-27.495565,-27.307852,-27.095861,-26.94331,-27.11028,-27.190573,-27.339966,-27.09648596627075
11,0.6,15.5,14,-24.66451852,Nn1.csv,Nn,-24.942724,-24.558634,-24.562374,-24.705729,-24.93681,-24.741253,-24.807571,-24.670252555040314
11,0.7,15.5,14,-22.2066846,Nn1.csv,Nn,-22.398888,-22.186298,-22.05589,-22.181072,-22.232918,-22.211012,-22.16755,-22.208511986365075
11,0.8,15.5,14,-19.84112953,Nn1.csv,Nn,-19.820616,-19.94638,-19.596733,-19.736671,-19.55607,-19.731295,-19.4183,-19.834179322269218
11,0.9,15.5,14,-17.49095884,Nn1.csv,Nn,-17.463816,-17.174585,-17.341297,-17.392696,-17.460432,-17.366566,-16.558216,-17.480538136776893
11,1.0,15.5,14,-15.2830382,Nn1.csv,Nn,-15.579012,-14.826559,-15.406346,-15.375179,-15.612456,-15.359911,-13.585705,-15.243721188994765
11,0.3,16.5,14,-32.19879939,Nn1.csv,Nn,-32.865677,-32.17111,-32.419514,-32.124016,-32.067074,-32.32948,-32.60316,-32.213853435266785
11,0.4,16.5,14,-30.05578868,Nn1.csv,Nn,-30.4855,-30.019018,-30.0285,-30.108921,-30.053802,-30.139149,-30.43578,-30.053957547810768
11,0.5,16.5,14,-27.94595504,Nn1.csv,Nn,-28.34701,-28.220863,-27.759222,-27.890009,-28.038017,-28.051025,-28.177464,-27.936804388067365
11,0.6,16.5,14,-25.70055832,Nn1.csv,Nn,-26.000961,-25.785116,-25.616459,-25.639818,-25.916317,-25.791737,-25.826614,-25.729085126729757
11,0.7,16.5,14,-23.40280859,Nn1.csv,Nn,-23.446432,-23.2447,-23.502724,-23.340935,-23.756683,-23.458294,-23.38163,-23.39547870673503
11,0.8,16.5,14,-21.09376981,Nn1.csv,Nn,-21.16066,-21.070263,-20.991825,-20.909603,-21.186768,-21.063824,-20.840916,-21.09472180574126
11,0.9,16.5,14,-18.88032423,Nn1.csv,Nn,-18.712181,-18.902426,-18.72674,-18.810598,-18.687618,-18.767914,-18.202862,-18.879937356271476
11,1.0,16.5,14,-16.6786532,Nn1.csv,Nn,-16.916502,-16.472794,-17.028305,-16.596249,-16.696053,-16.741982,-15.465866,-16.672333913301053
11,0.3,17.5,14,-32.82844757,Nn1.csv,Nn,-33.208347,-32.620506,-32.91193,-32.72246,-32.722153,-32.83708,-33.062996,-32.81001519153277
11,0.4,17.5,14,-30.70152008,Nn1.csv,Nn,-30.903013,-30.501442,-30.756166,-30.594593,-30.677835,-30.686611,-31.025242,-30.699354087433743
11,0.5,17.5,14,-28.65763732,Nn1.csv,Nn,-28.940237,-28.672346,-28.50613,-28.556324,-28.622807,-28.659567,-28.910046,-28.655920676868085
11,0.6,17.5,14,-26.61594791,Nn1.csv,Nn,-26.928963,-26.859035,-26.37527,-26.576447,-26.685677,-26.685078,-26.715813,-26.613965096599248
11,0.7,17.5,14,-24.45737436,Nn1.csv,Nn,-24.701456,-24.605627,-24.635836,-24.442844,-24.556221,-24.588396,-24.440937,-24.469203850706688
11,0.8,17.5,14,-22.25691308,Nn1.csv,Nn,-22.269121,-22.28277,-22.099468,-21.95579,-22.48928,-22.219286,-22.08382,-22.260661992416843
11,0.9,17.5,14,-20.12264304,Nn1.csv,Nn,-20.245232,-19.915247,-19.774593,-19.904325,-20.230034,-20.013885,-19.64286,-20.12337793367397
11,1.0,17.5,14,-18.04012487,Nn1.csv,Nn,-18.172106,-17.86269,-18.267838,-18.014366,-17.964102,-18.056221,-17.116455,-18.02681659154132
11,0.3,18.5,14,-33.3361121,Nn1.csv,Nn,-33.623928,-33.13729,-33.278908,-33.183014,-33.38955,-33.32254,-33.49624,-33.35483989717156
11,0.4,18.5,14,-31.30034466,Nn1.csv,Nn,-31.362146,-31.063026,-31.384256,-31.186266,-31.345333,-31.268204,-31.563183,-31.290825642881245
11,0.5,18.5,14,-29.31078978,Nn1.csv,Nn,-29.4439,-29.194746,-29.226662,-29.05501,-29.329956,-29.250055,-29.566174,-29.302433901668415
11,0.6,18.5,14,-27.3726205,Nn1.csv,Nn,-27.643766,-27.484709,-27.104008,-27.134459,-27.460995,-27.36559,-27.503624,-27.383228987175
11,0.7,18.5,14,-25.41260982,Nn1.csv,Nn,-25.60112,-25.625586,-25.455069,-25.30151,-25.341093,-25.464878,-25.37392,-25.42800517008244
11,0.8,18.5,14,-23.33804881,Nn1.csv,Nn,-23.381176,-23.353846,-23.3977,-23.249512,-23.280983,-23.332644,-23.175476,-23.330419577624554
11,0.9,18.5,14,-21.2480777,Nn1.csv,Nn,-21.513636,-21.256575,-20.93017,-20.987558,-21.448511,-21.22729,-20.906677,-21.25399392127414
11,1.0,18.5,14,-19.25642583,Nn1.csv,Nn,-19.458223,-18.968565,-19.204803,-19.110716,-19.333576,-19.215176,-18.565922,-19.239895033226187
11,0.3,19.5,14,-33.87012907,Nn1.csv,Nn,-34.112156,-33.695236,-33.622475,-33.589287,-33.900368,-33.783905,-33.931362,-33.84016842818284
11,0.4,19.5,14,-31.84075053,Nn1.csv,Nn,-31.969072,-31.62462,-31.823673,-31.604229,-32.02414,-31.809147,-32.078064,-31.84279584795474
11,0.5,19.5,14,-29.92556243,Nn1.csv,Nn,-30.014452,-29.807055,-29.977804,-29.665161,-30.085943,-29.910084,-30.174313,-29.890258488473204
11,0.6,19.5,14,-28.03560193,Nn1.csv,Nn,-28.150778,-28.037455,-27.906927,-27.752914,-28.246046,-28.018824,-28.218506,-28.043415330442784
11,0.7,19.5,14,-26.21491261,Nn1.csv,Nn,-26.348322,-26.305529,-26.1053,-25.850618,-26.227644,-26.167484,-26.209045,-26.223891968807266
11,0.8,19.5,14,-24.29052757,Nn1.csv,Nn,-24.40172,-24.3747,-24.31217,-24.272547,-24.07269,-24.286764,-24.144337,-24.31050544729277
11,0.9,19.5,14,-22.31504792,Nn1.csv,Nn,-22.306831,-22.135944,-22.284107,-22.138369,-22.270924,-22.227234,-22.022766,-22.31395135011363
11,1.0,19.5,14,-20.35994952,Nn1.csv,Nn,-20.528038,-20.07956,-20.09842,-20.124065,-20.672274,-20.30047,-19.84274,-20.34937607752038
11,0.3,20.5,14,-34.3125498,Nn1.csv,Nn,-34.6237,-34.25331,-34.08244,-34.028957,-34.317703,-34.261223,-34.396812,-34.32928529170378
11,0.4,20.5,14,-32.35808373,Nn1.csv,Nn,-32.580753,-32.227768,-32.34159,-32.040257,-32.502136,-32.3385,-32.598343,-32.36941574393109
11,0.5,20.5,14,-30.50872804,Nn1.csv,Nn,-30.65318,-30.426306,-30.498726,-30.211224,-30.869287,-30.531744,-30.762913,-30.474966546090954
11,0.6,20.5,14,-28.74353272,Nn1.csv,Nn,-28.737173,-28.624836,-28.464144,-28.33368,-29.083786,-28.648724,-28.888927,-28.66061676244123
11,0.7,20.5,14,-26.97038623,Nn1.csv,Nn,-27.047468,-26.895452,-26.690098,-26.424177,-27.21331,-26.854101,-26.974777,-26.923162070326775
11,0.8,20.5,14,-25.11552513,Nn1.csv,Nn,-25.436867,-25.044134,-24.966515,-24.873272,-25.09766,-25.083689,-25.018867,-25.17286376586052
11,0.9,20.5,14,-23.27883752,Nn1.csv,Nn,-23.228674,-23.130705,-23.442276,-23.074474,-23.279045,-23.231035,-23.019592,-23.288569034108885
11,1.0,20.5,14,-21.3963094,Nn1.csv,Nn,-21.340555,-21.076181,-21.332762,-21.159595,-21.663094,-21.314436,-20.975357,-21.405381959715005
