Problem,Variant,rPSP_Median,rPSP_IQR,IGDX_Median,IGDX_IQR,IGDF_Median,IGDF_IQR,Median_SPDEvals
MMF1,SPD-off,0.115216272045608,0.0219840451022372,0.113517397486314,0.0192399298202865,0.00582119506925304,0.00156312166699167,0
MMF1,Adaptive-q512,0.064976181380705,0.00731649045939439,0.0644307171873355,0.00784726654120796,0.00390731369095397,0.000426711937469871,2400
MMF1,Constant-q512,0.0616218115151997,0.00503398511053952,0.0613394104843729,0.00557469521731793,0.00374291519308979,0.000353887158502909,2800
MMF1,Adaptive-q64,0.0654329605642561,0.00539413123177496,0.065139771367411,0.00492477197287765,0.00393673843822329,0.000561466621048224,2400
MMF1,Adaptive-q1024,0.0641088339604593,0.00317247140890413,0.063789981793979,0.00336286198945691,0.00389181749774297,0.000497990875313496,2400
MMF5,SPD-off,0.18485649636176,0.0267514002585449,0.18325389150264,0.0263811585535909,0.00427009645526438,0.000946547521528918,0
MMF5,Adaptive-q512,0.122997585789241,0.0161980254274272,0.122824233164194,0.0168724894874237,0.00355648198050995,0.000187417846687648,2400
MMF5,Constant-q512,0.116235025279969,0.0106943135718558,0.116040223762756,0.0101733490867549,0.00346681186479678,0.000239079613613352,2800
MMF5,Adaptive-q64,0.121553263388893,0.0129958707630045,0.12144607167708,0.0122788931614376,0.00350074640206482,0.000244223780514763,2400
MMF5,Adaptive-q1024,0.124907429273106,0.00844286353734705,0.124589568711358,0.00879585229442194,0.00348635613936708,0.000311451528428907,2200
MMF11,SPD-off,1.48224561774318,0.185006798643085,0.249851329628765,0.000646023119206113,0.096779052632896,0.00239395900869492,0
MMF11,Adaptive-q512,1.52690187395038,0.0948394422925398,0.249675177136273,0.000211894724170436,0.0971531209279587,0.00132964048249319,2400
MMF11,Constant-q512,1.50313901955901,0.126654865782653,0.249306037402129,0.000557052057137519,0.0969803576796721,0.00125459919678329,2800
MMF11,Adaptive-q64,1.53965816044257,0.116075090248961,0.249823502954692,0.000275291169821806,0.0967612548902542,0.00127523088248659,2400
MMF11,Adaptive-q1024,1.49701576575961,0.0712423651182574,0.249797074172054,0.0003628575350898,0.0965075857785038,0.00119089404181764,2400
MMF14,SPD-off,0.0880822611006438,0.00948241099658675,0.0880822611006438,0.00948241099658675,0.109303550735315,0.00983780342286374,0
MMF14,Adaptive-q512,0.0737245215063524,0.00692836286715494,0.0737245215063524,0.00692836286715494,0.100967807331804,0.00620164994351623,3600
MMF14,Constant-q512,0.0686552313718991,0.00593301572778615,0.0686552313718991,0.00593301572778615,0.0939641874976446,0.00696033753340797,4200
MMF14,Adaptive-q64,0.0756610959727141,0.00618952231137511,0.0756610959727141,0.00618952231137511,0.100431873322294,0.00521108010466785,3600
MMF14,Adaptive-q1024,0.0749942992212798,0.00375217144366899,0.0749942992212798,0.00375217144366899,0.101146912098685,0.00433984646510628,3600
SYM_PART_rotated,SPD-off,6.66448499143749,6.18850088885888,5.18451075177951,2.47839058580169,0.0147239290554308,0.00285709973716201,0
SYM_PART_rotated,Adaptive-q512,0.115488925502508,0.0479602294290526,0.114596178717549,0.0473354716540836,0.0148187449561088,0.00212324018875181,2400
SYM_PART_rotated,Constant-q512,0.116474166142898,0.972310334717278,0.116168433364323,0.96921291086973,0.0142812540405094,0.00190326444116073,2800
SYM_PART_rotated,Adaptive-q64,0.129615701053081,0.113731511676902,0.128696405635905,0.113762473000962,0.0153107169959025,0.001812624530078,2400
SYM_PART_rotated,Adaptive-q1024,0.117865655163349,0.0687408357267868,0.117053416551299,0.0690206188942023,0.01478929267079,0.00225153736156712,2200
Omni_test,SPD-off,1.4660298966708,0.30231626700098,1.43751371983334,0.309297871513798,0.00785637839648459,0.000931308226405165,0
Omni_test,Adaptive-q512,0.711718839810482,0.472193347695972,0.709180435238399,0.459961933695848,0.00791660435176061,0.000549218891523887,3600
Omni_test,Constant-q512,0.382732709899709,0.266303249276119,0.377415876186114,0.261764430062402,0.00766050324893862,0.000587606672269253,4200
Omni_test,Adaptive-q64,0.751224020693431,0.30431798577986,0.742315485773718,0.30813658363052,0.00763115648210075,0.000396888431746168,3300
Omni_test,Adaptive-q1024,0.654661941927173,0.337665954489,0.650792496116524,0.337025393615015,0.00775094492787529,0.0004365824141673,3600
