de [mm],g [mm],Nn [],Nc [],DNN_seed_7_Force_y_kN,DNN_seed_21_Force_y_kN,DNN_seed_42_Force_y_kN,DNN_seed_84_Force_y_kN,DNN_seed_126_Force_y_kN,DNN_ensemble_Force_y_kN,DNN_ensemble_std_kN,DNN_qF_kN_per_m,FEA_Force_y_kN,FEA_qF_kN_per_m,FEA_source
11.0,0.3,14.0,14.0,-31.22474,-30.884794,-30.867504,-30.756603,-30.486214,-30.84397,0.2659079,30.84397,-30.5625036,30.5625036,data/intermediate_grid_168/de1.csv
11.0,0.35,14.0,14.0,-30.047628,-29.705404,-29.542679,-29.423677,-29.35122,-29.614124,0.2769257,29.614124,-29.40038,29.40038,new intermediate simulation
11.0,0.4,14.0,14.0,-28.797035,-28.37753,-28.247585,-28.136507,-28.221601,-28.356052,0.26123238,28.356052,-28.15960833,28.15960833,data/intermediate_grid_168/de1.csv
11.0,0.45,14.0,14.0,-27.420504,-26.931683,-27.05241,-26.858913,-27.153305,-27.083364,0.21960096,27.083364,-26.98964,26.98964,new intermediate simulation
11.0,0.5,14.0,14.0,-26.110624,-25.522575,-25.464691,-25.626614,-25.928328,-25.730566,0.27762815,25.730566,-25.55639943,25.55639943,data/intermediate_grid_168/de1.csv
11.0,0.55,14.0,14.0,-24.837387,-24.293283,-24.111649,-24.44173,-24.686924,-24.474194,0.29256836,24.474194,-24.45335,24.45335,new intermediate simulation
11.0,0.6,14.0,14.0,-23.465567,-23.11867,-22.607079,-23.105629,-23.101746,-23.079739,0.30616215,23.079739,-22.82566957,22.82566957,data/intermediate_grid_168/de1.csv
11.0,0.65,14.0,14.0,-22.097353,-21.708073,-21.218603,-21.628204,-21.566628,-21.643772,0.3149732,21.643772,-21.62897,21.62897,new intermediate simulation
11.0,0.7,14.0,14.0,-20.665712,-20.25575,-20.07972,-20.245031,-20.24024,-20.29729,0.21839364,20.29729,-20.24863962,20.24863962,data/intermediate_grid_168/de1.csv
11.0,0.75,14.0,14.0,-19.343792,-18.8998,-18.812204,-19.008816,-19.082415,-19.029404,0.20374423,19.029404,-19.04032962,19.04032962,new intermediate simulation
11.0,0.8,14.0,14.0,-18.035461,-17.599245,-17.593973,-17.820726,-17.863728,-17.782627,0.18786518,17.782627,-17.63357487,17.63357487,data/intermediate_grid_168/de1.csv
11.0,0.85,14.0,14.0,-16.732391,-16.207912,-16.309252,-16.503853,-16.578873,-16.466457,0.20994973,16.466457,-16.50170487,16.50170487,new intermediate simulation
11.0,0.9,14.0,14.0,-15.50798,-14.917865,-15.034162,-15.162095,-15.32092,-15.188604,0.23311138,15.188604,-15.21084267,15.21084267,data/intermediate_grid_168/de1.csv
11.0,0.95,14.0,14.0,-14.554383,-13.869736,-14.175397,-13.935693,-14.316494,-14.17034,0.28031144,14.17034,-14.01722267,14.01722267,new intermediate simulation
11.0,1.0,14.0,14.0,-13.609394,-12.837457,-13.2425375,-12.881207,-13.084428,-13.131004,0.31306326,13.131004,-13.01239222,13.01239222,data/intermediate_grid_168/de1.csv
