algorithm,metric,problem,n,mean,std,median,minimum,maximum
DN-NSGA-II,IGDF,MMF1,31,0.0037686964283850577,0.0005696013480006408,0.0036634792006909043,0.0033547685804412196,0.006484922200250717
DN-NSGA-II,IGDF,MMF10,31,0.18641898625290523,0.031026755918277263,0.19697321649346664,0.1012585590483891,0.24022724784270305
DN-NSGA-II,IGDF,MMF11,31,0.09729633076015497,0.0011360362115011287,0.09716072448335378,0.09521888858578455,0.1004013891636914
DN-NSGA-II,IGDF,MMF12,31,0.08318409494015587,0.00015570609824947434,0.08315706410223656,0.08298346078503109,0.08372515653279972
DN-NSGA-II,IGDF,MMF13,31,0.15190844224594752,0.002973027845515818,0.1514057516589886,0.1466076914311192,0.15899174285416648
DN-NSGA-II,IGDF,MMF14,31,0.11262478207432063,0.007687834252543121,0.11322746161652303,0.09821922570115273,0.12899539569524784
DN-NSGA-II,IGDF,MMF14_a,31,0.1259930691132533,0.010936461286748828,0.12270254181909017,0.10652854634333246,0.14977989907815212
DN-NSGA-II,IGDF,MMF15,31,0.21474855961165523,0.00934409877262666,0.21329782874667025,0.20004713993399004,0.23754597105134206
DN-NSGA-II,IGDF,MMF15_a,31,0.23094999161013532,0.012408580880257801,0.2267494071433743,0.21309609974859378,0.26630181836102856
DN-NSGA-II,IGDF,MMF1_e,31,0.013353242580181153,0.011223960286065567,0.009508915628244989,0.0033642301456651468,0.05893071710970349
DN-NSGA-II,IGDF,MMF1_z,31,0.0034399506112524018,0.00033642724128637357,0.003375949217950238,0.0028714445569246877,0.004225461705058906
DN-NSGA-II,IGDF,MMF2,31,0.012764199876615782,0.013768840991961266,0.009213428026818283,0.0031050301260813207,0.07119218140067772
DN-NSGA-II,IGDF,MMF3,31,0.012871184078612678,0.016766274230534745,0.006918474131839494,0.003004954406587141,0.09016863618980189
DN-NSGA-II,IGDF,MMF4,31,0.003216197680989405,0.00023656544864903044,0.0032488362530820325,0.002771176696302573,0.003648052318081388
DN-NSGA-II,IGDF,MMF5,31,0.0033968535489492862,0.0002212099477274061,0.003367277683880817,0.002982865017180482,0.00410484952927737
DN-NSGA-II,IGDF,MMF6,31,0.003441838370126124,0.00019353479697330466,0.00341905631023144,0.003130202390849203,0.003933886402555248
DN-NSGA-II,IGDF,MMF7,31,0.003934820476540845,0.0002730520514755695,0.003874680358272453,0.0035205229202331153,0.00450183381048371
DN-NSGA-II,IGDF,MMF8,31,0.0037373647638426198,0.00031593250737096647,0.003687522855153461,0.0031301289610026675,0.004835181480035323
DN-NSGA-II,IGDF,MMF9,31,0.014584584687593839,0.0017247223826082699,0.014470435650869447,0.011554281839701912,0.018048260992440154
DN-NSGA-II,IGDF,Omni_test,31,0.007822771113747259,0.0003564797911443626,0.007818999688648536,0.007092533815631953,0.00871275059072981
DN-NSGA-II,IGDF,SYM_PART_rotated,31,0.01519708639374584,0.0014813132383507679,0.015351603731088974,0.011608516753122494,0.017567508613450748
DN-NSGA-II,IGDF,SYM_PART_simple,31,0.012494925604210578,0.0015050617117559086,0.01256518340472401,0.009375270264269753,0.015435043063168794
DN-NSGA-II,IGDX,MMF1,31,0.08349938144011411,0.01219309915245596,0.08278587111183185,0.051805509082984244,0.10790335108559042
DN-NSGA-II,IGDX,MMF10,31,0.18055065378930432,0.03098463948412205,0.20088895801895978,0.11713659018938583,0.2095653959160298
DN-NSGA-II,IGDX,MMF11,31,0.25047746465890197,0.0002474301744646923,0.25045836080098743,0.2498344002700712,0.2509761133271102
DN-NSGA-II,IGDX,MMF12,31,0.24666182662783898,0.0003806342275644543,0.24662056452725076,0.2459279037484629,0.2474256518996375
DN-NSGA-II,IGDX,MMF13,31,0.28499403779777904,0.007153887188844272,0.2844911615753915,0.27328259909410796,0.29832751591440637
DN-NSGA-II,IGDX,MMF14,31,0.10412775019659941,0.007859495513952874,0.10149982521223913,0.09126608724146988,0.12326685110000064
DN-NSGA-II,IGDX,MMF14_a,31,0.1327433362391752,0.013502019642157536,0.13052392552226413,0.1049056189632236,0.16801915215989663
DN-NSGA-II,IGDX,MMF15,31,0.24634032366356062,0.020233686614631118,0.24429028941231923,0.180773508788296,0.27860745081482857
DN-NSGA-II,IGDX,MMF15_a,31,0.21110644473871384,0.01890396662761951,0.21162260459080484,0.17708600995383256,0.24406971932057125
DN-NSGA-II,IGDX,MMF1_e,31,1.0713859146529248,0.5776960858698493,0.8547366078695418,0.46571226721909204,2.554307133284342
DN-NSGA-II,IGDX,MMF1_z,31,0.07075592198720046,0.01627366587176781,0.06813867839226523,0.043115630962044696,0.11402152127311099
DN-NSGA-II,IGDX,MMF2,31,0.10249482650280524,0.06229220631500521,0.08848678796168158,0.03441442051695069,0.2523907385614437
DN-NSGA-II,IGDX,MMF3,31,0.07809110009339074,0.034350753726024155,0.07139220209680312,0.02813666042637901,0.18157433233768966
DN-NSGA-II,IGDX,MMF4,31,0.08381552702911217,0.018194894378688202,0.08402050942934876,0.053530085898607895,0.1350870412349572
DN-NSGA-II,IGDX,MMF5,31,0.15984413274224518,0.013842985060863835,0.16097898861638954,0.13032683086235144,0.19844036767956816
DN-NSGA-II,IGDX,MMF6,31,0.13906894987630597,0.01870437504665194,0.13396949279399661,0.11329574850720511,0.20515098283260827
DN-NSGA-II,IGDX,MMF7,31,0.04202514717760586,0.008226293317051603,0.03905704774434136,0.032889717646639546,0.07000055668224729
DN-NSGA-II,IGDX,MMF8,31,0.2923274457639568,0.1251432667185622,0.27152976742216467,0.12241923212275886,0.6514834973704642
DN-NSGA-II,IGDX,MMF9,31,0.026847528605205274,0.012410870564629669,0.022567726256016316,0.010306265944624946,0.058053817181607306
DN-NSGA-II,IGDX,Omni_test,31,1.4446892975709185,0.18174552528621313,1.428686219189396,1.162789998749401,1.97248634805318
DN-NSGA-II,IGDX,SYM_PART_rotated,31,4.137695261248622,1.4660598143433998,4.036431129539862,1.2656384443054218,7.873778476174748
DN-NSGA-II,IGDX,SYM_PART_simple,31,4.971212105487739,1.3068182124993593,4.419074801594152,2.2455390088367304,7.88115978572816
DN-NSGA-II,rHV,MMF1,31,1.1484178853861091,0.0009774088417160817,1.1483166281259987,1.1471391229203165,1.1522464740901905
DN-NSGA-II,rHV,MMF10,31,0.07962232899600429,0.002657358458972977,0.07776048358751603,0.07770934855093847,0.08613365335505566
DN-NSGA-II,rHV,MMF11,31,0.06894076916588983,1.2416837846118278e-05,0.06893821328473,0.06891776380758886,0.06896834365628736
DN-NSGA-II,rHV,MMF12,31,0.6357286846280757,6.259021776333512e-05,0.6357199816808897,0.6356122317112411,0.6358821012367928
DN-NSGA-II,rHV,MMF13,31,0.05425065485740436,8.877350175574252e-06,0.054249065863076276,0.05423801816530957,0.05427476535886914
DN-NSGA-II,rHV,MMF14,31,0.327562185445432,0.014421713220352524,0.3259617822016995,0.2915911237001429,0.359489856526726
DN-NSGA-II,rHV,MMF14_a,31,0.31372686326621974,0.011640569633944201,0.31382480095565407,0.2887248520320428,0.3409398526502087
DN-NSGA-II,rHV,MMF15,31,0.23140043042684494,0.012044623093516161,0.22899858559694838,0.20939877279504604,0.2593133637661203
DN-NSGA-II,rHV,MMF15_a,31,0.23175546632274582,0.015394751792172605,0.22691431218686137,0.21018821154471376,0.28638194208896867
DN-NSGA-II,rHV,MMF1_e,31,1.2486237168989442,0.20566253970555756,1.1813512526117576,1.1489493065548713,2.2219741678716742
DN-NSGA-II,rHV,MMF1_z,31,1.1482918336054897,0.001208640693294725,1.1479156315785146,1.146803268977058,1.1517434467652652
DN-NSGA-II,rHV,MMF2,31,1.1618367297049657,0.015994191176080436,1.158949849052773,1.1475058153683844,1.2263949139460657
DN-NSGA-II,rHV,MMF3,31,1.162122326186952,0.01824518839312434,1.1561173282220125,1.1476303340926275,1.2412305053374544
DN-NSGA-II,rHV,MMF4,31,1.8578442373336133,0.0013345021815133723,1.857691308697601,1.8558352820407253,1.8604230203160554
DN-NSGA-II,rHV,MMF5,31,1.1479129401924781,0.0008550221685909509,1.1478212900497686,1.146641127066411,1.150271749050912
DN-NSGA-II,rHV,MMF6,31,1.1481566318198138,0.0012131695597198313,1.1478140316275844,1.146898114266402,1.1525669669547414
DN-NSGA-II,rHV,MMF7,31,1.1499239039527631,0.0020912798961309547,1.1493866146898515,1.14792217773724,1.1586580029575309
DN-NSGA-II,rHV,MMF8,31,2.3816674301890846,0.004005340505548621,2.3806972315930817,2.3772057778959015,2.3954142762325996
DN-NSGA-II,rHV,MMF9,31,0.10335611119128639,3.6092902625807186e-05,0.10335178442644796,0.10329202455488125,0.10347140302269832
DN-NSGA-II,rHV,Omni_test,31,0.01893996735520353,5.64110572489133e-07,0.018939969872722905,0.01893912085564086,0.018940976507687692
DN-NSGA-II,rHV,SYM_PART_rotated,31,0.060116760201445026,1.4154800016366418e-05,0.06011881101219393,0.06009170230954427,0.060151167635926
DN-NSGA-II,rHV,SYM_PART_simple,31,0.06007700739953966,1.3650277156142412e-05,0.06007772692174987,0.06004510239516103,0.060106037454761396
DN-NSGA-II,rPSP,MMF1,31,0.08444806470023428,0.012377817875066244,0.08291564300315758,0.05241879223471035,0.10953497068412446
DN-NSGA-II,rPSP,MMF10,31,4.323478731763593,3.414975992770054,6.059669898368594,0.11713659018938583,8.57145766242073
DN-NSGA-II,rPSP,MMF11,31,1.6857079003423485,0.11696236814619639,1.6665586444459581,1.5072383323052185,1.9455193660105865
DN-NSGA-II,rPSP,MMF12,31,2.2279244604583925,0.16294088214181812,2.199749530899311,1.954880079402766,2.540152188532456
DN-NSGA-II,rPSP,MMF13,31,0.6002898955995725,0.015588108857460708,0.5965556180818601,0.5737375426340281,0.6288763920849605
DN-NSGA-II,rPSP,MMF14,31,0.10412775019659941,0.007859495513952874,0.10149982521223913,0.09126608724146988,0.12326685110000064
DN-NSGA-II,rPSP,MMF14_a,31,0.13274639611934327,0.013503795762587374,0.13052392552226413,0.10490561896322362,0.16801915215989663
DN-NSGA-II,rPSP,MMF15,31,0.2990500249114159,0.11277228060020712,0.24433838723650805,0.180773508788296,0.5778410613283006
DN-NSGA-II,rPSP,MMF15_a,31,0.2217980777173643,0.03626265442357462,0.2125029658576723,0.17708600995383256,0.30021194302266535
DN-NSGA-II,rPSP,MMF1_e,31,1.6744066991906439,1.405705911598911,1.1687917700374308,0.6185279214990491,5.675919044544286
DN-NSGA-II,rPSP,MMF1_z,31,0.07223344748171451,0.016989947797968547,0.06889140193115684,0.043951962693008696,0.11891850147391993
DN-NSGA-II,rPSP,MMF2,31,0.11736970951167146,0.08505068791213762,0.1013580008250735,0.03579940890907726,0.35287131078157546
DN-NSGA-II,rPSP,MMF3,31,0.09167921951575622,0.04914803028741501,0.07828960196515285,0.029907811446331388,0.251088317878264
DN-NSGA-II,rPSP,MMF4,31,0.08395620070408188,0.01822236246879642,0.08502088983942493,0.053530085898607895,0.13516454295431582
DN-NSGA-II,rPSP,MMF5,31,0.1619950086213678,0.014770626615288888,0.16302798210160527,0.13243381745683638,0.20786784741138034
DN-NSGA-II,rPSP,MMF6,31,0.14040232013667098,0.018817971487824152,0.13445902553409317,0.1140050048863264,0.2067915233517862
DN-NSGA-II,rPSP,MMF7,31,0.04228392042115394,0.008319493513537692,0.03910160914387634,0.032925184197255826,0.07014688994903759
DN-NSGA-II,rPSP,MMF8,31,0.3002717746651489,0.13062980454752443,0.2785730955426556,0.12318805613136262,0.6520214532363207
DN-NSGA-II,rPSP,MMF9,31,0.026847528605205274,0.012410870564629669,0.022567726256016316,0.010306265944624946,0.058053817181607306
DN-NSGA-II,rPSP,Omni_test,31,1.4954904250502083,0.26153195839453536,1.4391511131577552,1.167602522280782,2.4542852418844787
DN-NSGA-II,rPSP,SYM_PART_rotated,31,5.780766024797612,2.9457450594911263,4.977127960450505,1.269495868020594,12.463548273631057
DN-NSGA-II,rPSP,SYM_PART_simple,31,5.739728174544257,2.38613013512777,4.4191841956506535,2.245897177774642,10.915440378937392
MMO-DE-CSCD,IGDF,MMF1,21,0.0024768741184492647,0.00013082430533404657,0.002470537839045537,0.002247450350711215,0.0027330167447153194
MMO-DE-CSCD,IGDF,MMF10,21,0.10494551431721097,0.14100800886841808,0.008021444612633273,0.006561818885400681,0.2997721158588728
MMO-DE-CSCD,IGDF,MMF11,21,0.010248079615652656,0.0007457930892760595,0.010219665843712427,0.009214805848895984,0.012331390916992131
MMO-DE-CSCD,IGDF,MMF12,21,0.002014239210243858,0.00010796147713270529,0.0019878200884534745,0.0018348999518395114,0.0022676764814464436
MMO-DE-CSCD,IGDF,MMF13,21,0.012515107085765623,0.0018902551695234554,0.012161654378793267,0.008148673810637545,0.015772968518766507
MMO-DE-CSCD,IGDF,MMF14,21,0.08483931398057548,0.0016692930580637757,0.08448465505091537,0.0817677810705879,0.08791332065210408
MMO-DE-CSCD,IGDF,MMF14_a,21,0.08514112424429873,0.0018270203893910283,0.08509664927424863,0.08247482854163156,0.09012602322188396
MMO-DE-CSCD,IGDF,MMF15,21,0.08800309475019404,0.00295968673751422,0.08795653115674204,0.08303439049431252,0.09310258910745033
MMO-DE-CSCD,IGDF,MMF15_a,21,0.08929552056267384,0.0029549740200504005,0.08859905670383969,0.08535817743663676,0.09449886301897055
MMO-DE-CSCD,IGDF,MMF1_e,21,0.004962003641755188,0.0009360402392122991,0.004913976305445712,0.003296328653335766,0.006855690689060236
MMO-DE-CSCD,IGDF,MMF1_z,21,0.002362643045442176,0.00010766563081267811,0.002356127836150596,0.002180286888409326,0.002634776995478889
MMO-DE-CSCD,IGDF,MMF2,21,0.019945740522501993,0.0028684608767166144,0.019588155066661825,0.015446795024641066,0.025522370773221958
MMO-DE-CSCD,IGDF,MMF3,21,0.014473056751056815,0.002012483289594032,0.014102069781246031,0.011960132687516748,0.02022889719143226
MMO-DE-CSCD,IGDF,MMF4,21,0.00229188509433746,9.35687685004734e-05,0.0023013789329848298,0.002026793717020256,0.002451286584077554
MMO-DE-CSCD,IGDF,MMF5,21,0.0024609929926283592,0.0001426784994976686,0.0024510118220816947,0.002232815486964936,0.002880972165080065
MMO-DE-CSCD,IGDF,MMF6,21,0.0022385967393805653,6.893928849970611e-05,0.0022308132995545824,0.002137700099786276,0.002396613095365441
MMO-DE-CSCD,IGDF,MMF7,21,0.0025036065025020532,0.00017428948765656346,0.002455939087561782,0.002241106085760777,0.0028634470181285315
MMO-DE-CSCD,IGDF,MMF8,21,0.0024571168591585465,8.972439042583073e-05,0.0024609174876732997,0.0022548029369393575,0.0026326963466935804
MMO-DE-CSCD,IGDF,MMF9,21,0.010777756939546133,0.0009584022397700345,0.010780288832823363,0.009283212260542156,0.013651902957076816
MMO-DE-CSCD,IGDF,Omni_test,21,0.009385487429173134,0.0006135123299845972,0.0093234430479384,0.008616893924162846,0.011092865053143521
MMO-DE-CSCD,IGDF,SYM_PART_rotated,21,0.015586907176670708,0.0022029669718066957,0.014889732291644316,0.013015055304345683,0.021389862563328105
MMO-DE-CSCD,IGDF,SYM_PART_simple,21,0.009121985434757516,0.0010376185175839494,0.00932900148242115,0.0070879974735252515,0.010482058017069697
MMO-DE-CSCD,IGDX,MMF1,21,0.044365789692235404,0.001155106538261769,0.0440415080929941,0.042226035305994704,0.04668601184720975
MMO-DE-CSCD,IGDX,MMF10,21,0.13388969745005883,0.19103413956458698,0.002154355574269383,0.0018474095420251218,0.39860583913321385
MMO-DE-CSCD,IGDX,MMF11,21,0.00256525811287693,0.00014112093077227862,0.00254539019090804,0.002355413746845968,0.002987122126464263
MMO-DE-CSCD,IGDX,MMF12,21,0.0014064516292425452,3.477528602164863e-05,0.0014035834150234934,0.001337975400701809,0.0014832440622536114
MMO-DE-CSCD,IGDX,MMF13,21,0.034617104169194474,0.006316839682249315,0.033170140619818454,0.027322599983139854,0.047519282202081875
MMO-DE-CSCD,IGDX,MMF14,21,0.05518661820591026,0.0018670403210127673,0.05510224135837628,0.05286462870547085,0.059714019905667826
MMO-DE-CSCD,IGDX,MMF14_a,21,0.07528943605522438,0.004600086677611462,0.07443354729168675,0.06692056763854533,0.0864014953459326
MMO-DE-CSCD,IGDX,MMF15,21,0.04149538047042862,0.0023205816844197123,0.04154015996885137,0.037984049980423276,0.046769213338397765
MMO-DE-CSCD,IGDX,MMF15_a,21,0.052742497393629705,0.002401717184131568,0.05250643332807819,0.04884114585899889,0.05821522991380533
MMO-DE-CSCD,IGDX,MMF1_e,21,1.6275931484078694,0.7212480593321606,1.3596840277810773,0.6206591282193507,2.9294505135234528
MMO-DE-CSCD,IGDX,MMF1_z,21,0.0383647482920824,0.0051769381097183905,0.03785832603004054,0.03166036734129877,0.0500014804250721
MMO-DE-CSCD,IGDX,MMF2,21,0.03708559751158681,0.005831095882280987,0.03655223515856666,0.028235743162373164,0.047584304756831015
MMO-DE-CSCD,IGDX,MMF3,21,0.02833999270448695,0.004386968872389033,0.02634315518504317,0.02218330807484363,0.03648056082746261
MMO-DE-CSCD,IGDX,MMF4,21,0.0237228062274216,0.0013711608739088936,0.02368442806642685,0.02169450650397535,0.0264078125081505
MMO-DE-CSCD,IGDX,MMF5,21,0.07852766711339257,0.004397454889069839,0.07745514478308228,0.07313847099886789,0.09053757165244884
MMO-DE-CSCD,IGDX,MMF6,21,0.06664573644365325,0.002654676121673045,0.06636290585968521,0.06220856750562538,0.07175342894138953
MMO-DE-CSCD,IGDX,MMF7,21,0.027593646699654865,0.0037656884937438038,0.02833665062387666,0.020869708740758375,0.03344825541788437
MMO-DE-CSCD,IGDX,MMF8,21,0.18485721333423294,0.054828423734055116,0.17732851796231003,0.10715223345829664,0.290885511424984
MMO-DE-CSCD,IGDX,MMF9,21,0.005098519664438681,0.0007238648350741424,0.004949853167147447,0.004419531519602678,0.007939390440463878
MMO-DE-CSCD,IGDX,Omni_test,21,0.37931637859452805,0.17421598457346912,0.3542944457764647,0.13399409492337372,0.7582832662937331
MMO-DE-CSCD,IGDX,SYM_PART_rotated,21,0.30806672069499746,0.36489014754955124,0.16144229688839115,0.12252411803670321,1.1922281307172684
MMO-DE-CSCD,IGDX,SYM_PART_simple,21,0.04295665807661517,0.003406695102542445,0.0423214501109539,0.038615738616285436,0.0496019869966882
MMO-DE-CSCD,rHV,MMF1,21,1.1455070334057686,0.0004913315725435193,1.1453783942036047,1.1449283988948198,1.1468911747714734
MMO-DE-CSCD,rHV,MMF10,21,0.08044059121959812,0.004015176321222712,0.07767146452193721,0.07766281956476331,0.08598639459898559
MMO-DE-CSCD,rHV,MMF11,21,0.068853094134794,6.011540204323963e-06,0.06885254122041365,0.06884538889565832,0.0688673693107247
MMO-DE-CSCD,rHV,MMF12,21,0.6353531360496455,6.134936868333024e-06,0.6353532072614908,0.6353417590852988,0.6353693730058972
MMO-DE-CSCD,rHV,MMF13,21,0.054227277827699136,3.3734341599514023e-06,0.054227038717127835,0.05422268688795859,0.05423370126429362
MMO-DE-CSCD,rHV,MMF14,21,0.3336214751759288,0.010402219473092644,0.33233930339988105,0.31324784719958154,0.35138885091681893
MMO-DE-CSCD,rHV,MMF14_a,21,0.3355633939059936,0.019147174506981314,0.33644821431968286,0.28132721110063835,0.3828557235975088
MMO-DE-CSCD,rHV,MMF15,21,0.23838703445483983,0.009947238747686278,0.2373543879105172,0.22234405162790807,0.26298275041228275
MMO-DE-CSCD,rHV,MMF15_a,21,0.23916675751248503,0.008246227432660415,0.2368093864761875,0.2287547111695914,0.256061700754753
MMO-DE-CSCD,rHV,MMF1_e,21,1.1500526605987014,0.0018702532512676247,1.149562594482855,1.1466860138761428,1.1539895594862544
MMO-DE-CSCD,rHV,MMF1_z,21,1.1452807806575664,0.0003911508575351111,1.1451710960187451,1.1448673448465423,1.146451153706053
MMO-DE-CSCD,rHV,MMF2,21,1.179547922539435,0.004728801561180587,1.1795832233946655,1.1703151709581645,1.1895043024140517
MMO-DE-CSCD,rHV,MMF3,21,1.1694642494693372,0.0034742289963786864,1.1680422961168386,1.1649265829385027,1.179425601456883
MMO-DE-CSCD,rHV,MMF4,21,1.8510624973938572,0.00030873018697193994,1.8510182346177118,1.8503068442877482,1.8515781416280614
MMO-DE-CSCD,rHV,MMF5,21,1.1455432247869684,0.00042393298650844836,1.145442945976985,1.1449643004777172,1.146396701342366
MMO-DE-CSCD,rHV,MMF6,21,1.1448826900125162,0.0001797478211576894,1.14484414001005,1.144614163016166,1.1453900342691365
MMO-DE-CSCD,rHV,MMF7,21,1.1451095488012544,0.0002554483854086893,1.145099108487681,1.144660764105132,1.1456037942225383
MMO-DE-CSCD,rHV,MMF8,21,2.3768044027457247,0.004096184369640718,2.376094956853783,2.3720681099942396,2.3884944952824108
MMO-DE-CSCD,rHV,MMF9,21,0.10319041727566336,1.4148618684748292e-05,0.10318665381005868,0.10317036497822196,0.10322719296744093
MMO-DE-CSCD,rHV,Omni_test,21,0.018947112932940786,3.3281331230470543e-06,0.018946697100688404,0.01894195997725244,0.018954648491040556
MMO-DE-CSCD,rHV,SYM_PART_rotated,21,0.060070685210798225,8.766006035051494e-06,0.06006989907657993,0.06005860062721466,0.06008678829404926
MMO-DE-CSCD,rHV,SYM_PART_simple,21,0.060023024296261204,3.316329709401867e-06,0.06002259571563122,0.06001764604116959,0.06002956929012707
MMO-DE-CSCD,rPSP,MMF1,21,0.044647357712793434,0.0011515123366068792,0.04427923493039286,0.04242596786503954,0.0467703616471827
MMO-DE-CSCD,rPSP,MMF10,21,0.13388977784129438,0.19103425434227467,0.0021543556820613824,0.0018474096508415579,0.3986058837040564
MMO-DE-CSCD,rPSP,MMF11,21,0.0025652605907624535,0.00014111992011598147,0.0025453902972410324,0.002355414471860187,0.002987122621401626
MMO-DE-CSCD,rPSP,MMF12,21,0.0014064529909826736,3.477302017450739e-05,0.0014035834163060516,0.0013379994023184087,0.0014832440856719217
MMO-DE-CSCD,rPSP,MMF13,21,0.03820309903592498,0.008155920715037557,0.03625299319884102,0.0284712785502201,0.05687492857282258
MMO-DE-CSCD,rPSP,MMF14,21,0.0552124922325853,0.0018644051334373798,0.055121760033658915,0.05286511336880372,0.0597362073094191
MMO-DE-CSCD,rPSP,MMF14_a,21,0.0753949064258902,0.0046055713561237305,0.07445879931926087,0.06695122553874398,0.08642664955485747
MMO-DE-CSCD,rPSP,MMF15,21,0.04150350853951044,0.0023247172808176938,0.04154027389034065,0.03798513173563068,0.04681450869747748
MMO-DE-CSCD,rPSP,MMF15_a,21,0.0528885106011075,0.0023837123428905645,0.05255368751364021,0.04915154837821964,0.05821731757970705
MMO-DE-CSCD,rPSP,MMF1_e,21,3.050361999177595,2.215271083058059,2.065164004153295,0.7402700555033188,8.215967979971241
MMO-DE-CSCD,rPSP,MMF1_z,21,0.03866663333403795,0.005327562261121165,0.03827325915074315,0.03185434088038467,0.05135264872248461
MMO-DE-CSCD,rPSP,MMF2,21,0.03838323361891191,0.00665912907054449,0.03763923828187553,0.02955014680136423,0.0515885249467357
MMO-DE-CSCD,rPSP,MMF3,21,0.029152495460939745,0.004414083359370349,0.028388128235027846,0.023070532173932172,0.03733344116277474
MMO-DE-CSCD,rPSP,MMF4,21,0.023856831763615152,0.001412595206121097,0.023736389674432805,0.02177326717425768,0.026468623038768183
MMO-DE-CSCD,rPSP,MMF5,21,0.07899789141369297,0.004521555545410443,0.07855504365483797,0.07332150538788482,0.09102303127694321
MMO-DE-CSCD,rPSP,MMF6,21,0.06698046165194761,0.0026852687791320785,0.06675303533137027,0.06228956316724428,0.07187833867321555
MMO-DE-CSCD,rPSP,MMF7,21,0.029376555710452175,0.004755064910681123,0.029840284350057502,0.021326780274828438,0.03643527796255702
MMO-DE-CSCD,rPSP,MMF8,21,0.19433697146795215,0.06225491124922652,0.18248728831081548,0.10742517484407918,0.3079016826688353
MMO-DE-CSCD,rPSP,MMF9,21,0.005098528438137702,0.0007238669075813537,0.0049498533131699315,0.004419532096898057,0.00793940486649634
MMO-DE-CSCD,rPSP,Omni_test,21,0.3957916485418774,0.18950530684573472,0.3684590080665333,0.13681519358755598,0.8294395429319394
MMO-DE-CSCD,rPSP,SYM_PART_rotated,21,0.3243527173373006,0.39948317837045866,0.1644034677140319,0.1257373690182128,1.4079087411318036
MMO-DE-CSCD,rPSP,SYM_PART_simple,21,0.043013280621895,0.0034034483896784548,0.04232867343572313,0.038632460004795095,0.049631555541822
NSGA-II,IGDF,MMF1,31,0.002822190994651246,0.00020912148824425383,0.0028086050733799168,0.002437661316747412,0.003491548543546744
NSGA-II,IGDF,MMF10,31,0.18069546681019003,0.02970607917521111,0.19461797031828076,0.10004071687263082,0.23840823873452993
NSGA-II,IGDF,MMF11,31,0.09492878215382283,0.00046216470338659435,0.09487844429752751,0.09410432080648942,0.09637987514348254
NSGA-II,IGDF,MMF12,31,0.08520125925129514,0.007372173587501615,0.08281139029860589,0.08265792873377543,0.10747507048580501
NSGA-II,IGDF,MMF13,31,0.14613847659475573,0.00103407846849768,0.1462492770528878,0.1438633659096952,0.14786790229438537
NSGA-II,IGDF,MMF14,31,0.11415801880217644,0.008382212004368061,0.11292381175281564,0.0978500751095278,0.13050604377539202
NSGA-II,IGDF,MMF14_a,31,0.12358325425631916,0.008760734322287836,0.12333614849392392,0.10451149333188009,0.1409934854162755
NSGA-II,IGDF,MMF15,31,0.21595243987470517,0.008159953395969222,0.2156759071886754,0.20237241585178256,0.23016208602647267
NSGA-II,IGDF,MMF15_a,31,0.21607427079702599,0.008700132399673693,0.2133237253701648,0.20197517081627397,0.23768147405163778
NSGA-II,IGDF,MMF1_e,31,0.013498978971690377,0.017787762845379883,0.007665226921436669,0.002820848677418164,0.09672317891067853
NSGA-II,IGDF,MMF1_z,31,0.002673545625860712,0.0002382406230987772,0.002610659511962607,0.00242562731918453,0.0034557700970800254
NSGA-II,IGDF,MMF2,31,0.008235190904347772,0.008147400732707174,0.004044538992902854,0.0024537381915407342,0.02952562139120933
NSGA-II,IGDF,MMF3,31,0.008998655220092638,0.011765032294688756,0.004803276003463502,0.0025416577167374993,0.05986730908053737
NSGA-II,IGDF,MMF4,31,0.0025637175246409215,0.00013269111363580153,0.002549654894413581,0.002308092058816449,0.002833861399442
NSGA-II,IGDF,MMF5,31,0.002660896544310718,0.000131540149288593,0.0026449133424862894,0.0024979072670087555,0.0030193788192194636
NSGA-II,IGDF,MMF6,31,0.0026898398026394877,0.00012518706935937593,0.002666566014792623,0.0025048488236397454,0.0029899504166733294
NSGA-II,IGDF,MMF7,31,0.002644693522044169,9.468091137397302e-05,0.0026382341342849613,0.0024802926289148094,0.0028677869964857826
NSGA-II,IGDF,MMF8,31,0.002592692091166813,9.965750120382505e-05,0.002610394052662518,0.0024171736492027123,0.0027978065250305276
NSGA-II,IGDF,MMF9,31,0.01054771649098328,0.0005460731615039947,0.01047838719202217,0.009423241364632634,0.01178213600541763
NSGA-II,IGDF,Omni_test,31,0.0054262378653095415,0.0001607025062721875,0.005400230004201143,0.005168379277366169,0.005753807757539815
NSGA-II,IGDF,SYM_PART_rotated,31,0.010658384567225796,0.0010089639317254356,0.010575361203863761,0.008892038923860184,0.013038711397576461
NSGA-II,IGDF,SYM_PART_simple,31,0.010748326328998041,0.0014448750175476471,0.010899823651313078,0.007263598248294208,0.013333985572561604
NSGA-II,IGDX,MMF1,31,0.10880446297336328,0.011801055719906006,0.10992193740612784,0.08454489659278246,0.12988496527010052
NSGA-II,IGDX,MMF10,31,0.18507566158926136,0.02714544738456708,0.201028529662127,0.12157012531081896,0.20132660083311216
NSGA-II,IGDX,MMF11,31,0.25131560473197795,0.0005530662669611169,0.25125097523727874,0.25040044589239285,0.25266961693760637
NSGA-II,IGDX,MMF12,31,0.24216835508906948,0.015541062146913207,0.24706876686802504,0.195368790366261,0.2480108990767327
NSGA-II,IGDX,MMF13,31,0.3109525323261135,0.018027373207899065,0.30848447453981126,0.284502152507882,0.35060225825712965
NSGA-II,IGDX,MMF14,31,0.11158343286720837,0.012601413379813804,0.10857939128851088,0.09049623831009673,0.14864025177262635
NSGA-II,IGDX,MMF14_a,31,0.14857015687907613,0.017398374834786467,0.1465746065232166,0.12490900090110826,0.20027608342262582
NSGA-II,IGDX,MMF15,31,0.25846666877104385,0.020458084520028553,0.2573886810567459,0.21214392028015272,0.28985046004376464
NSGA-II,IGDX,MMF15_a,31,0.23824358074335458,0.007733593057542741,0.23896914527872296,0.21560646362423258,0.2528759752029724
NSGA-II,IGDX,MMF1_e,31,1.7354941677387776,0.6738139609404147,1.6407624460947978,0.4933937173840322,3.044244138417316
NSGA-II,IGDX,MMF1_z,31,0.1508149786399336,0.02793806736399472,0.1389279134074751,0.11109855618705479,0.20821100397723552
NSGA-II,IGDX,MMF2,31,0.08964423941587989,0.049104804585810825,0.07155349343867852,0.03944355518671329,0.2437616149678285
NSGA-II,IGDX,MMF3,31,0.08144128040060984,0.03367210498915722,0.0730376063332394,0.037407574031106235,0.1811617332110298
NSGA-II,IGDX,MMF4,31,0.15215383935187987,0.035917856748969884,0.15181164375666042,0.09721371393215424,0.22878589055820345
NSGA-II,IGDX,MMF5,31,0.18905423128479917,0.020228676141382934,0.18761834045184186,0.14572331189699145,0.2420932494520894
NSGA-II,IGDX,MMF6,31,0.16874646346135697,0.01711246086809985,0.1712551819778293,0.140217990484658,0.20641348232407888
NSGA-II,IGDX,MMF7,31,0.07649759006168459,0.011614579488515565,0.0754051334456122,0.059050689646011706,0.10969340366755188
NSGA-II,IGDX,MMF8,31,1.1675275908044584,0.43860671769866794,1.2392352324324134,0.6028495227120017,2.0472327546901097
NSGA-II,IGDX,MMF9,31,0.10630955547631796,0.07009003044080249,0.09994317967931604,0.018035580731358702,0.2510701530755136
NSGA-II,IGDX,Omni_test,31,2.0171612111070316,0.266659527641723,2.011602282100824,1.5615451230454,2.873693953701179
NSGA-II,IGDX,SYM_PART_rotated,31,7.877113932902738,3.167447525082412,7.600686521347242,3.1179817341516816,15.819128926587164
NSGA-II,IGDX,SYM_PART_simple,31,10.185529512574895,2.3554871150401593,9.994440028037964,6.989917219628077,15.825313299105078
NSGA-II,rHV,MMF1,31,1.1463673398800436,0.000645757794811857,1.1462360840515684,1.1456324329016532,1.1486636995261903
NSGA-II,rHV,MMF10,31,0.08028811701204196,0.003440436991124711,0.0777385617929114,0.0776671351000926,0.08600598030551668
NSGA-II,rHV,MMF11,31,0.06885905358892935,4.911775905152104e-06,0.06885869339139994,0.0688510631988487,0.06887100417282463
NSGA-II,rHV,MMF12,31,0.6527755582984017,0.05384293072712305,0.6354314228231666,0.6353812355137884,0.8146480657280861
NSGA-II,rHV,MMF13,31,0.05421180130378745,1.8380702055042966e-06,0.05421198825693015,0.05420790181391566,0.0542149196980336
NSGA-II,rHV,MMF14,31,0.352497879677332,0.006449030196725088,0.35048893459135533,0.3428442256627317,0.3647020100076228
NSGA-II,rHV,MMF14_a,31,0.3505913979543275,0.008305319614952122,0.3503715642257671,0.3367765666910994,0.36784457292221706
NSGA-II,rHV,MMF15,31,0.23903912558524806,0.0042893143944846435,0.2382825267965996,0.23079850649173292,0.24716898859212935
NSGA-II,rHV,MMF15_a,31,0.23373172977784137,0.006118225242318637,0.23456763351867382,0.21770374225028774,0.24340926169529478
NSGA-II,rHV,MMF1_e,31,1.1635746978686268,0.022558447848988132,1.1578901528848178,1.1458690755581906,1.2597607636778418
NSGA-II,rHV,MMF1_z,31,1.1460304338803113,0.0008384954301252368,1.1457096413009238,1.1453129980842611,1.1483207359236454
NSGA-II,rHV,MMF2,31,1.1542044190697793,0.010667663272112216,1.148775111155521,1.1454506430501534,1.177663508112688
NSGA-II,rHV,MMF3,31,1.1563448378605086,0.015574662536678618,1.1520513165285655,1.1458864419940662,1.207851779590018
NSGA-II,rHV,MMF4,31,1.853048275999084,0.0004986957628886109,1.8529925361924005,1.8522983562821778,1.8541104662485257
NSGA-II,rHV,MMF5,31,1.1459816765335,0.0006953790322578461,1.1456751835513113,1.1453435763359452,1.147694647464494
NSGA-II,rHV,MMF6,31,1.1460510485772164,0.0005919884699925178,1.1458293724736508,1.145501902677039,1.1476460017219168
NSGA-II,rHV,MMF7,31,1.1457468123500845,0.0002544532681861325,1.1457112293325857,1.1453670009472252,1.1463798247489232
NSGA-II,rHV,MMF8,31,2.371323698143443,0.0005986833367983688,2.371379534784661,2.3703521371211194,2.3726981986289974
NSGA-II,rHV,MMF9,31,0.10319711421826319,1.1825729828610936e-05,0.10319553347511404,0.10318056170318879,0.10322779282399437
NSGA-II,rHV,Omni_test,31,0.018936479783293193,3.168741362286576e-07,0.01893644758931154,0.01893590631341273,0.01893703374832039
NSGA-II,rHV,SYM_PART_rotated,31,0.06005873379402769,7.10006924188652e-06,0.060057826142874415,0.060049605740591906,0.06007654761504757
NSGA-II,rHV,SYM_PART_simple,31,0.06004064917157944,8.671073860340132e-06,0.060038768061755655,0.06002783646738355,0.060061179410509404
NSGA-II,rPSP,MMF1,31,0.11078662005797431,0.012676889454455,0.11070065565168703,0.08525009381615681,0.13113781679102562
NSGA-II,rPSP,MMF10,31,5.278609317578291,5.199074846237164,5.627095036897333,0.12157012531081896,20.86831773786487
NSGA-II,rPSP,MMF11,31,2.7000388273722677,0.7878079458095395,2.456131295355662,1.725668161898766,4.763582982431717
NSGA-II,rPSP,MMF12,29,4.672582501110817,4.639487668294513,3.681519467564131,0.19542153554196084,26.679917900782403
NSGA-II,rPSP,MMF13,31,0.8020288447228319,0.21079390024854686,0.7278270564631665,0.601897890538194,1.3237532487968702
NSGA-II,rPSP,MMF14,31,0.11158343286720837,0.012601413379813806,0.10857939128851087,0.09049623831009673,0.14864025177262635
NSGA-II,rPSP,MMF14_a,31,0.14870290737160147,0.017432494202820222,0.1465746065232166,0.12515725975892553,0.20027608342262584
NSGA-II,rPSP,MMF15,31,0.3830436141473124,0.1892826242479164,0.2579549798846898,0.21214392028015272,0.7138525643377555
NSGA-II,rPSP,MMF15_a,31,0.28823090939453805,0.023758734921153643,0.29644446952215964,0.21560646362423258,0.31440340841882225
NSGA-II,rPSP,MMF1_e,31,3.2803292310632934,1.897849936521836,2.647187500017763,0.6271851244801558,8.877696548347968
NSGA-II,rPSP,MMF1_z,31,0.15738566670413523,0.03211810832112255,0.1443126438904233,0.11360591778435483,0.24235350806552425
NSGA-II,rPSP,MMF2,31,0.09911873886519362,0.057580445220488385,0.07196992514194533,0.040246313706098685,0.2530381830336346
NSGA-II,rPSP,MMF3,31,0.09705653756697184,0.05092610552718295,0.08177159353173102,0.037407574031106235,0.2603843458824313
NSGA-II,rPSP,MMF4,31,0.15734275461955616,0.03942731509191437,0.15537488221330165,0.09751695521887901,0.24045033384139045
NSGA-II,rPSP,MMF5,31,0.1919962940678237,0.020224348379209483,0.18936586103584574,0.14895810568798346,0.24323060859618809
NSGA-II,rPSP,MMF6,31,0.17171706665053452,0.017944851021099426,0.1729010110444865,0.14181054837996196,0.2075887577415754
NSGA-II,rPSP,MMF7,31,0.07908977623883731,0.01287913558158218,0.0770303359796533,0.06082510832221982,0.11220049963157418
NSGA-II,rPSP,MMF8,31,1.8854967254358916,1.5444494485152942,1.4953303203898747,0.7070440934956861,7.159147858161645
NSGA-II,rPSP,MMF9,31,0.34209541664960086,0.8194012126489328,0.09994317967931605,0.018035580731358702,3.778837123698258
NSGA-II,rPSP,Omni_test,31,2.8640197727433914,1.1561691784220312,2.613184610909678,1.5786257153115475,7.710868998193644
NSGA-II,rPSP,SYM_PART_rotated,31,35.76358849397423,66.48105476078227,16.203862561904078,3.608012624381415,331.5973017674625
NSGA-II,rPSP,SYM_PART_simple,31,257.4872214102833,300.68607352185046,193.42629952651072,9.550911596827143,1382.1470888807403
SPD-DN-NSGA-II,IGDF,MMF1,31,0.003926607311311742,0.0025918387464570767,0.003423939804675755,0.0031295145421947374,0.017804129864201948
SPD-DN-NSGA-II,IGDF,MMF10,31,0.2029890641582304,0.03400592784749781,0.1955437082466209,0.1635873354405464,0.3681565338771316
SPD-DN-NSGA-II,IGDF,MMF11,31,0.10253342131942436,0.02621992063617541,0.09645085662284851,0.09504534118640043,0.23556041859613888
SPD-DN-NSGA-II,IGDF,MMF12,31,0.10509774213975953,0.12135507174419158,0.08308681080008005,0.08286294541541017,0.7589499251813406
SPD-DN-NSGA-II,IGDF,MMF13,31,0.1537230063504929,0.008061664933076858,0.15158372131821365,0.14653423208343297,0.183624680832134
SPD-DN-NSGA-II,IGDF,MMF14,31,0.09891558871259984,0.005351479910319077,0.09841641176794386,0.08732879284963928,0.11050181038462129
SPD-DN-NSGA-II,IGDF,MMF14_a,31,0.11230232881161702,0.025948751594663744,0.105082593584804,0.0953593863952825,0.21829726893771412
SPD-DN-NSGA-II,IGDF,MMF15,31,0.20502369818269262,0.006891556798316131,0.20491909755311993,0.19124120234885172,0.22649577709489754
SPD-DN-NSGA-II,IGDF,MMF15_a,31,0.21743060592336466,0.0417811291725029,0.20890832649461194,0.19551608339978602,0.43982831045909315
SPD-DN-NSGA-II,IGDF,MMF1_e,31,0.005355494599032498,0.008544846937413822,0.0032097983398064857,0.002805475822504431,0.04683014160231123
SPD-DN-NSGA-II,IGDF,MMF1_z,31,0.003755291199301989,0.0020337858389002164,0.00324039780517203,0.003016981468821884,0.014332091205132942
SPD-DN-NSGA-II,IGDF,MMF2,31,0.006433106647109941,0.0015248731246411194,0.006129198694611802,0.003694203405781011,0.01136014761502356
SPD-DN-NSGA-II,IGDF,MMF3,31,0.006992007350056504,0.0031895766488247977,0.0062192896076961055,0.002947468326384409,0.019288453419330828
SPD-DN-NSGA-II,IGDF,MMF4,31,0.0040285519241411265,0.0031534102524697774,0.00315837881876787,0.002835119929307783,0.018631599574014373
SPD-DN-NSGA-II,IGDF,MMF5,31,0.004141976750204124,0.004762635448390935,0.003275912488465399,0.002943456804847815,0.02978030325286981
SPD-DN-NSGA-II,IGDF,MMF6,31,0.0034945386043677812,0.0006899425670416848,0.003306917564638775,0.003059413960360653,0.006558144767719676
SPD-DN-NSGA-II,IGDF,MMF7,31,0.005933001936796657,0.006332788541004065,0.0037808192849497087,0.003390787558329418,0.032413251775236795
SPD-DN-NSGA-II,IGDF,MMF8,31,0.0034551852027236824,0.0001990934593255369,0.003450460772562728,0.0029725473940231573,0.003883392112133389
SPD-DN-NSGA-II,IGDF,MMF9,31,0.057356302833755805,0.18633615709284515,0.014031886247496168,0.011117270338922175,1.0381640984722855
SPD-DN-NSGA-II,IGDF,Omni_test,31,0.007290678334323277,0.00025599715313777936,0.007307624816907583,0.00683823611086826,0.00787051420638132
SPD-DN-NSGA-II,IGDF,SYM_PART_rotated,31,0.07674595147410249,0.3251336500484705,0.01450190219095234,0.011427499097721304,1.8256333682280104
SPD-DN-NSGA-II,IGDF,SYM_PART_simple,31,0.014130294303369094,0.005553144000902694,0.013091019353750457,0.009671200330296,0.040081374926798564
SPD-DN-NSGA-II,IGDX,MMF1,31,0.05107371701318319,0.006028757785020272,0.049821517065249336,0.04310162939730772,0.08042913954704035
SPD-DN-NSGA-II,IGDX,MMF10,31,0.1958271469032572,0.02865751140411485,0.20085857460791626,0.041427673444014046,0.20242947611153084
SPD-DN-NSGA-II,IGDX,MMF11,31,0.24914316477725051,0.0018752891372640207,0.24955494680223386,0.24055082685873927,0.2502040141766514
SPD-DN-NSGA-II,IGDX,MMF12,31,0.24555920842083434,0.0009918227182713498,0.2454718160895092,0.24431558996287742,0.2506105675331144
SPD-DN-NSGA-II,IGDX,MMF13,31,0.25343304461228255,0.018931720528498213,0.26016771908339315,0.1896601180062865,0.264788186277876
SPD-DN-NSGA-II,IGDX,MMF14,31,0.07255926258393444,0.00499935543671067,0.07140219351366807,0.061070492383693636,0.08445400858443963
SPD-DN-NSGA-II,IGDX,MMF14_a,31,0.09625021210719727,0.007768036749750054,0.09615131808472795,0.08160339652711283,0.11228819256476788
SPD-DN-NSGA-II,IGDX,MMF15,31,0.2639835395823167,0.007150973403373083,0.2650931540876374,0.23688051281280706,0.27241428603793927
SPD-DN-NSGA-II,IGDX,MMF15_a,31,0.21920820624649454,0.02139165552355693,0.2248823146376094,0.11231202160579216,0.23577628179956195
SPD-DN-NSGA-II,IGDX,MMF1_e,31,1.1583204775127518,0.5423391007404638,1.0110189883809124,0.3904929475733639,2.206988776144263
SPD-DN-NSGA-II,IGDX,MMF1_z,31,0.041092525513361275,0.0053970461453217555,0.039986247394940125,0.03404416281464336,0.0619704370942215
SPD-DN-NSGA-II,IGDX,MMF2,31,0.03781431136825199,0.015797266376987185,0.033559030524871386,0.02004249399768004,0.08697143959044723
SPD-DN-NSGA-II,IGDX,MMF3,31,0.04794841761193894,0.03062897008518033,0.0387956278120487,0.017427157455358194,0.1368379018413756
SPD-DN-NSGA-II,IGDX,MMF4,31,0.04683304319181135,0.011792082091933392,0.0435251477173954,0.033198542195393414,0.07697642934682217
SPD-DN-NSGA-II,IGDX,MMF5,31,0.10638423600523851,0.015466789961166126,0.10288427600760963,0.0904369955199286,0.18456616354011193
SPD-DN-NSGA-II,IGDX,MMF6,31,0.08817072805271617,0.0061778883543622005,0.08669019544075633,0.07820381760626927,0.10797875286715315
SPD-DN-NSGA-II,IGDX,MMF7,31,0.031327345625802486,0.011777207962809823,0.027815379712046884,0.023720847602556185,0.07142112231783168
SPD-DN-NSGA-II,IGDX,MMF8,31,0.11909553364617304,0.03307231493441472,0.1135319485861642,0.07112782672593206,0.25804470184467265
SPD-DN-NSGA-II,IGDX,MMF9,31,0.00994177871199832,0.0048724432400783875,0.008504221770445913,0.0066832769925008915,0.02800095713810017
SPD-DN-NSGA-II,IGDX,Omni_test,31,0.18075748647323978,0.0794357853124185,0.16867570629355153,0.0931884784125046,0.4301393325740113
SPD-DN-NSGA-II,IGDX,SYM_PART_rotated,31,0.5437867954733844,0.6717628814344276,0.15881194954781172,0.07171400295752225,3.353455520418832
SPD-DN-NSGA-II,IGDX,SYM_PART_simple,31,0.08059130046233681,0.014807638311840569,0.07645165871326602,0.0646185563564371,0.12375440744663536
SPD-DN-NSGA-II,rHV,MMF1,31,1.1483774454613733,0.0023778102365370453,1.1477674507762177,1.1470141824206437,1.160577309469714
SPD-DN-NSGA-II,rHV,MMF10,31,0.0768254161036397,0.002232194950116303,0.07775358890204571,0.0705676188598522,0.07779884848915235
SPD-DN-NSGA-II,rHV,MMF11,31,0.0683697301717731,0.0018080795197000568,0.06894413789236237,0.06236518669514051,0.06898115152531821
SPD-DN-NSGA-II,rHV,MMF12,31,0.6312116328944463,0.025623712893438472,0.6357273108318303,0.4931668149259389,0.6381406576577779
SPD-DN-NSGA-II,rHV,MMF13,31,0.053729525770484225,0.0013723750149090286,0.05424755261946899,0.05007909449709599,0.05425979128852262
SPD-DN-NSGA-II,rHV,MMF14,31,0.32065649632086274,0.007664403019172481,0.3212367739556525,0.29889253078745315,0.3385374548179854
SPD-DN-NSGA-II,rHV,MMF14_a,31,0.3128121628890564,0.010479651100804135,0.31495612473954604,0.2695442160126369,0.3272363984932118
SPD-DN-NSGA-II,rHV,MMF15,31,0.22591858305343265,0.005137275549554872,0.22558381950727224,0.21485390032716592,0.23848689090690833
SPD-DN-NSGA-II,rHV,MMF15_a,31,0.21992097320804951,0.0070590433242707805,0.21975141490540626,0.20627010502698584,0.24304815911310285
SPD-DN-NSGA-II,rHV,MMF1_e,31,1.312096840616719,0.6416160762031727,1.1677854905771097,1.1464663831792703,4.747222706701872
SPD-DN-NSGA-II,rHV,MMF1_z,31,1.1470112576764393,0.0033158622349069413,1.1474398137230883,1.13103567514247,1.1537240776647897
SPD-DN-NSGA-II,rHV,MMF2,31,1.1566723492512323,0.004768271556144338,1.1562147481319782,1.148143725224952,1.1739591111514769
SPD-DN-NSGA-II,rHV,MMF3,31,1.1572246545623213,0.00714331344340575,1.155667985153461,1.1474664892805686,1.1747205253548128
SPD-DN-NSGA-II,rHV,MMF4,31,1.8553871879495023,0.013867821703980078,1.8574714931959015,1.806733282805614,1.8962208969496492
SPD-DN-NSGA-II,rHV,MMF5,31,1.1467957781954867,0.00368799456248335,1.1472924041048376,1.1280863844092137,1.1508661945021086
SPD-DN-NSGA-II,rHV,MMF6,31,1.1481806870580773,0.00230788885335755,1.1478108327662586,1.142386883231453,1.157465508221665
SPD-DN-NSGA-II,rHV,MMF7,31,1.1581899023372004,0.021141376940311325,1.1536774731920307,1.1477142891625516,1.2651807617588526
SPD-DN-NSGA-II,rHV,MMF8,31,2.380439189684443,0.00342115547217371,2.380270247729083,2.375852991359977,2.3919303110557766
SPD-DN-NSGA-II,rHV,MMF9,31,0.10396159994841192,0.00839257558993653,0.1033581724414084,0.09373699529639422,0.1470711812052345
SPD-DN-NSGA-II,rHV,Omni_test,31,0.018939972824827716,4.295653223047945e-07,0.018939945661686747,0.01893917150287739,0.018940857950426968
SPD-DN-NSGA-II,rHV,SYM_PART_rotated,31,0.05990431990424837,0.001566211856958643,0.06010554397174063,0.05165417362405321,0.06193301737884827
SPD-DN-NSGA-II,rHV,SYM_PART_simple,31,0.06010444221690558,7.205745520620126e-05,0.06008891673359887,0.06007459402662156,0.0604447326258134
SPD-DN-NSGA-II,rPSP,MMF1,31,0.05118502742852663,0.006003380874819177,0.049934156116516325,0.04312892366535526,0.08042913954704035
SPD-DN-NSGA-II,rPSP,MMF10,31,5.193045365963431,1.1794744736126705,5.479390900375747,0.041427673444014046,6.752550452067093
SPD-DN-NSGA-II,rPSP,MMF11,31,1.4679633933058673,0.17918143066892944,1.4915986657353233,0.8708444814666132,1.6876880219926187
SPD-DN-NSGA-II,rPSP,MMF12,31,1.9407319074225156,0.16882346011101942,1.9585761969147901,1.3669915154171446,2.1925846715261126
SPD-DN-NSGA-II,rPSP,MMF13,31,0.5127150154708923,0.07823969032613491,0.5409747544169717,0.2759303127061662,0.553567808654517
SPD-DN-NSGA-II,rPSP,MMF14,31,0.07255926258393444,0.00499935543671067,0.07140219351366807,0.061070492383693636,0.08445400858443963
SPD-DN-NSGA-II,rPSP,MMF14_a,31,0.09625021210719727,0.007768036749750053,0.09615131808472795,0.08160339652711283,0.11228819256476787
SPD-DN-NSGA-II,rPSP,MMF15,31,0.511233127934198,0.0592583567002917,0.5325734041472705,0.34691779622308433,0.5778595402579416
SPD-DN-NSGA-II,rPSP,MMF15_a,31,0.2623778130043127,0.03415054340192947,0.27400525262399184,0.11231202160579218,0.2886287651263929
SPD-DN-NSGA-II,rPSP,MMF1_e,31,1.7691885123700153,1.2283583372683662,1.2275800306258755,0.42463031785729843,4.490825251668751
SPD-DN-NSGA-II,rPSP,MMF1_z,31,0.04123322048254167,0.005407383413694051,0.0400491740104552,0.03411337979327591,0.061970437094221495
SPD-DN-NSGA-II,rPSP,MMF2,31,0.03781431136825199,0.015797266376987185,0.033559030524871386,0.02004249399768004,0.08697143959044723
SPD-DN-NSGA-II,rPSP,MMF3,31,0.04794841761193894,0.03062897008518033,0.0387956278120487,0.017427157455358194,0.1368379018413756
SPD-DN-NSGA-II,rPSP,MMF4,31,0.04683304319181135,0.011792082091933392,0.0435251477173954,0.033198542195393414,0.07697642934682217
SPD-DN-NSGA-II,rPSP,MMF5,31,0.10667542638494555,0.015441957041746399,0.10341232208923307,0.09082567326626938,0.18456616354011193
SPD-DN-NSGA-II,rPSP,MMF6,31,0.08827391531624887,0.006163069834016718,0.0867369104182662,0.07821267097785149,0.10818189887059655
SPD-DN-NSGA-II,rPSP,MMF7,31,0.03136373566716757,0.011764097415410188,0.027842722820184764,0.023723641033233957,0.07142112231783168
SPD-DN-NSGA-II,rPSP,MMF8,31,0.12039624626095442,0.03469733418366155,0.11552502329018735,0.07152777470226902,0.2695459668469406
SPD-DN-NSGA-II,rPSP,MMF9,31,0.00994177871199832,0.0048724432400783875,0.008504221770445913,0.0066832769925008915,0.02800095713810017
SPD-DN-NSGA-II,rPSP,Omni_test,31,0.18143000925998354,0.07967001224156199,0.16920606207735464,0.09334665269842948,0.4316276430297762
SPD-DN-NSGA-II,rPSP,SYM_PART_rotated,31,0.5664008841664716,0.7698875460386807,0.15911747540031254,0.07184854837199178,4.027541791341889
SPD-DN-NSGA-II,rPSP,SYM_PART_simple,31,0.08062819544799896,0.014799167269789757,0.07651730317305983,0.06463552619652484,0.12375941329931106
