comparison,metric,loss,tie,win
SPD-DN-NSGA-II vs DN-NSGA-II,IGDF,0,14,8
SPD-DN-NSGA-II vs DN-NSGA-II,IGDX,2,2,18
SPD-DN-NSGA-II vs DN-NSGA-II,rHV,1,20,1
SPD-DN-NSGA-II vs DN-NSGA-II,rPSP,2,2,18
SPD-DN-NSGA-II vs MMO-DE-CSCD,IGDF,11,2,3
SPD-DN-NSGA-II vs MMO-DE-CSCD,IGDX,9,5,2
SPD-DN-NSGA-II vs MMO-DE-CSCD,rHV,13,1,2
SPD-DN-NSGA-II vs MMO-DE-CSCD,rPSP,10,5,1
SPD-DN-NSGA-II vs NSGA-II,IGDF,15,2,5
SPD-DN-NSGA-II vs NSGA-II,IGDX,0,2,20
SPD-DN-NSGA-II vs NSGA-II,rHV,15,3,4
SPD-DN-NSGA-II vs NSGA-II,rPSP,1,1,20
